INSERT INTO `oc_product` (`product_id`, `model`, `sku`, `upc`, `ean`, `jan`, `isbn`, `mpn`, `location`, `quantity`, `stock_status_id`, `image`, `manufacturer_id`, `shipping`, `price`, `points`, `tax_class_id`, `date_available`, `weight`, `weight_class_id`, `length`, `width`, `height`, `length_class_id`, `subtract`, `minimum`, `sort_order`, `status`, `viewed`, `date_added`, `date_modified`, `noindex`) VALUES
(11121, '11546', '', '', '', '', '', '', '', 100, 7, 'catalog/pod_kapelnoye_serebro/11546.jpg', 0, 1, '180', 0, 0, '0000-00-00', '0.00000000', 1, '0.00000000', '0.00000000', '0.00000000', 1, 1, 1, 1, 1, 1, '0000-00-00 00:00:00', '0000-00-00 00:00:00', 1);
INSERT INTO `oc_product_description` (`product_id`, `language_id`, `name`, `description`, `tag`, `meta_title`, `meta_description`, `meta_keyword`, `meta_h1`) VALUES(11121, 1, 'Колье под капельное серебро цветные камни серия Восток L-50 см', 'Колье под капельное серебро цветные камни серия Восток L-50 см - Фурнитура и бижутерия оптом, украшения из натуральных камней, бусы, кольца, браслеты, серьги, броши, Xuping, интернет магазин бижутерии ', '', '', '', '', '');
INSERT INTO `oc_product_to_category` (`product_id`, `category_id`, `main_category`) VALUES(11121, 193, 1);INSERT INTO `oc_product_to_store` (`product_id`, `store_id`) VALUES(11121, 0);
INSERT INTO `oc_product` (`product_id`, `model`, `sku`, `upc`, `ean`, `jan`, `isbn`, `mpn`, `location`, `quantity`, `stock_status_id`, `image`, `manufacturer_id`, `shipping`, `price`, `points`, `tax_class_id`, `date_available`, `weight`, `weight_class_id`, `length`, `width`, `height`, `length_class_id`, `subtract`, `minimum`, `sort_order`, `status`, `viewed`, `date_added`, `date_modified`, `noindex`) VALUES
(11122, '5575', '', '', '', '', '', '', '', 100, 7, 'catalog/pod_kapelnoye_serebro/5575.jpg', 0, 1, '90', 0, 0, '0000-00-00', '0.00000000', 1, '0.00000000', '0.00000000', '0.00000000', 1, 1, 1, 1, 1, 1, '0000-00-00 00:00:00', '0000-00-00 00:00:00', 1);
INSERT INTO `oc_product_description` (`product_id`, `language_id`, `name`, `description`, `tag`, `meta_title`, `meta_description`, `meta_keyword`, `meta_h1`) VALUES(11122, 1, 'Клипсы под капельное серебро 15х17мм', 'Клипсы под капельное серебро 15х17мм - Фурнитура и бижутерия оптом, украшения из натуральных камней, бусы, кольца, браслеты, серьги, броши, Xuping, интернет магазин бижутерии ', '', '', '', '', '');
INSERT INTO `oc_product_to_category` (`product_id`, `category_id`, `main_category`) VALUES(11122, 193, 1);INSERT INTO `oc_product_to_store` (`product_id`, `store_id`) VALUES(11122, 0);
INSERT INTO `oc_product` (`product_id`, `model`, `sku`, `upc`, `ean`, `jan`, `isbn`, `mpn`, `location`, `quantity`, `stock_status_id`, `image`, `manufacturer_id`, `shipping`, `price`, `points`, `tax_class_id`, `date_available`, `weight`, `weight_class_id`, `length`, `width`, `height`, `length_class_id`, `subtract`, `minimum`, `sort_order`, `status`, `viewed`, `date_added`, `date_modified`, `noindex`) VALUES
(11123, '10479', '', '', '', '', '', '', '', 100, 7, 'catalog/pod_kapelnoye_serebro/10479.jpg', 0, 1, '36', 0, 0, '0000-00-00', '0.00000000', 1, '0.00000000', '0.00000000', '0.00000000', 1, 1, 1, 1, 1, 1, '0000-00-00 00:00:00', '0000-00-00 00:00:00', 1);
INSERT INTO `oc_product_description` (`product_id`, `language_id`, `name`, `description`, `tag`, `meta_title`, `meta_description`, `meta_keyword`, `meta_h1`) VALUES(11123, 1, 'Серьги под капельное серебро Клевер L-3см', 'Серьги под капельное серебро Клевер L-3см - Фурнитура и бижутерия оптом, украшения из натуральных камней, бусы, кольца, браслеты, серьги, броши, Xuping, интернет магазин бижутерии ', '', '', '', '', '');
INSERT INTO `oc_product_to_category` (`product_id`, `category_id`, `main_category`) VALUES(11123, 193, 1);INSERT INTO `oc_product_to_store` (`product_id`, `store_id`) VALUES(11123, 0);
INSERT INTO `oc_product` (`product_id`, `model`, `sku`, `upc`, `ean`, `jan`, `isbn`, `mpn`, `location`, `quantity`, `stock_status_id`, `image`, `manufacturer_id`, `shipping`, `price`, `points`, `tax_class_id`, `date_available`, `weight`, `weight_class_id`, `length`, `width`, `height`, `length_class_id`, `subtract`, `minimum`, `sort_order`, `status`, `viewed`, `date_added`, `date_modified`, `noindex`) VALUES
(11124, '13963', '', '', '', '', '', '', '', 100, 7, 'catalog/pod_kapelnoye_serebro/13963.jpg', 0, 1, '70', 0, 0, '0000-00-00', '0.00000000', 1, '0.00000000', '0.00000000', '0.00000000', 1, 1, 1, 1, 1, 1, '0000-00-00 00:00:00', '0000-00-00 00:00:00', 1);
INSERT INTO `oc_product_description` (`product_id`, `language_id`, `name`, `description`, `tag`, `meta_title`, `meta_description`, `meta_keyword`, `meta_h1`) VALUES(11124, 1, 'Серьги под капельное серебро d-2см', 'Серьги под капельное серебро d-2см - Фурнитура и бижутерия оптом, украшения из натуральных камней, бусы, кольца, браслеты, серьги, броши, Xuping, интернет магазин бижутерии ', '', '', '', '', '');
INSERT INTO `oc_product_to_category` (`product_id`, `category_id`, `main_category`) VALUES(11124, 193, 1);INSERT INTO `oc_product_to_store` (`product_id`, `store_id`) VALUES(11124, 0);
INSERT INTO `oc_product` (`product_id`, `model`, `sku`, `upc`, `ean`, `jan`, `isbn`, `mpn`, `location`, `quantity`, `stock_status_id`, `image`, `manufacturer_id`, `shipping`, `price`, `points`, `tax_class_id`, `date_available`, `weight`, `weight_class_id`, `length`, `width`, `height`, `length_class_id`, `subtract`, `minimum`, `sort_order`, `status`, `viewed`, `date_added`, `date_modified`, `noindex`) VALUES
(11125, '13964', '', '', '', '', '', '', '', 100, 7, 'catalog/pod_kapelnoye_serebro/13964.jpg', 0, 1, '70', 0, 0, '0000-00-00', '0.00000000', 1, '0.00000000', '0.00000000', '0.00000000', 1, 1, 1, 1, 1, 1, '0000-00-00 00:00:00', '0000-00-00 00:00:00', 1);
INSERT INTO `oc_product_description` (`product_id`, `language_id`, `name`, `description`, `tag`, `meta_title`, `meta_description`, `meta_keyword`, `meta_h1`) VALUES(11125, 1, 'Серьги под капельное серебро d-2см', 'Серьги под капельное серебро d-2см - Фурнитура и бижутерия оптом, украшения из натуральных камней, бусы, кольца, браслеты, серьги, броши, Xuping, интернет магазин бижутерии ', '', '', '', '', '');
INSERT INTO `oc_product_to_category` (`product_id`, `category_id`, `main_category`) VALUES(11125, 193, 1);INSERT INTO `oc_product_to_store` (`product_id`, `store_id`) VALUES(11125, 0);
INSERT INTO `oc_product` (`product_id`, `model`, `sku`, `upc`, `ean`, `jan`, `isbn`, `mpn`, `location`, `quantity`, `stock_status_id`, `image`, `manufacturer_id`, `shipping`, `price`, `points`, `tax_class_id`, `date_available`, `weight`, `weight_class_id`, `length`, `width`, `height`, `length_class_id`, `subtract`, `minimum`, `sort_order`, `status`, `viewed`, `date_added`, `date_modified`, `noindex`) VALUES
(11126, '13965', '', '', '', '', '', '', '', 100, 7, 'catalog/pod_kapelnoye_serebro/13965.jpg', 0, 1, '70', 0, 0, '0000-00-00', '0.00000000', 1, '0.00000000', '0.00000000', '0.00000000', 1, 1, 1, 1, 1, 1, '0000-00-00 00:00:00', '0000-00-00 00:00:00', 1);
INSERT INTO `oc_product_description` (`product_id`, `language_id`, `name`, `description`, `tag`, `meta_title`, `meta_description`, `meta_keyword`, `meta_h1`) VALUES(11126, 1, 'Серьги под капельное серебро d-2см', 'Серьги под капельное серебро d-2см - Фурнитура и бижутерия оптом, украшения из натуральных камней, бусы, кольца, браслеты, серьги, броши, Xuping, интернет магазин бижутерии ', '', '', '', '', '');
INSERT INTO `oc_product_to_category` (`product_id`, `category_id`, `main_category`) VALUES(11126, 193, 1);INSERT INTO `oc_product_to_store` (`product_id`, `store_id`) VALUES(11126, 0);
INSERT INTO `oc_product` (`product_id`, `model`, `sku`, `upc`, `ean`, `jan`, `isbn`, `mpn`, `location`, `quantity`, `stock_status_id`, `image`, `manufacturer_id`, `shipping`, `price`, `points`, `tax_class_id`, `date_available`, `weight`, `weight_class_id`, `length`, `width`, `height`, `length_class_id`, `subtract`, `minimum`, `sort_order`, `status`, `viewed`, `date_added`, `date_modified`, `noindex`) VALUES
(11127, '3594', '', '', '', '', '', '', '', 100, 7, 'catalog/pod_kapelnoye_serebro/3594.jpg', 0, 1, '50', 0, 0, '0000-00-00', '0.00000000', 1, '0.00000000', '0.00000000', '0.00000000', 1, 1, 1, 1, 1, 1, '0000-00-00 00:00:00', '0000-00-00 00:00:00', 1);
INSERT INTO `oc_product_description` (`product_id`, `language_id`, `name`, `description`, `tag`, `meta_title`, `meta_description`, `meta_keyword`, `meta_h1`) VALUES(11127, 1, '[10/15мм] Серьги бабочка черная страза', '[10/15мм] Серьги бабочка черная страза - Фурнитура и бижутерия оптом, украшения из натуральных камней, бусы, кольца, браслеты, серьги, броши, Xuping, интернет магазин бижутерии ', '', '', '', '', '');
INSERT INTO `oc_product_to_category` (`product_id`, `category_id`, `main_category`) VALUES(11127, 193, 1);INSERT INTO `oc_product_to_store` (`product_id`, `store_id`) VALUES(11127, 0);
INSERT INTO `oc_product` (`product_id`, `model`, `sku`, `upc`, `ean`, `jan`, `isbn`, `mpn`, `location`, `quantity`, `stock_status_id`, `image`, `manufacturer_id`, `shipping`, `price`, `points`, `tax_class_id`, `date_available`, `weight`, `weight_class_id`, `length`, `width`, `height`, `length_class_id`, `subtract`, `minimum`, `sort_order`, `status`, `viewed`, `date_added`, `date_modified`, `noindex`) VALUES
(11128, '3596', '', '', '', '', '', '', '', 100, 7, 'catalog/pod_kapelnoye_serebro/3596.jpg', 0, 1, '50', 0, 0, '0000-00-00', '0.00000000', 1, '0.00000000', '0.00000000', '0.00000000', 1, 1, 1, 1, 1, 1, '0000-00-00 00:00:00', '0000-00-00 00:00:00', 1);
INSERT INTO `oc_product_description` (`product_id`, `language_id`, `name`, `description`, `tag`, `meta_title`, `meta_description`, `meta_keyword`, `meta_h1`) VALUES(11128, 1, '[20мм] Серьги 3 лепестка черная страза', '[20мм] Серьги 3 лепестка черная страза - Фурнитура и бижутерия оптом, украшения из натуральных камней, бусы, кольца, браслеты, серьги, броши, Xuping, интернет магазин бижутерии ', '', '', '', '', '');
INSERT INTO `oc_product_to_category` (`product_id`, `category_id`, `main_category`) VALUES(11128, 193, 1);INSERT INTO `oc_product_to_store` (`product_id`, `store_id`) VALUES(11128, 0);
INSERT INTO `oc_product` (`product_id`, `model`, `sku`, `upc`, `ean`, `jan`, `isbn`, `mpn`, `location`, `quantity`, `stock_status_id`, `image`, `manufacturer_id`, `shipping`, `price`, `points`, `tax_class_id`, `date_available`, `weight`, `weight_class_id`, `length`, `width`, `height`, `length_class_id`, `subtract`, `minimum`, `sort_order`, `status`, `viewed`, `date_added`, `date_modified`, `noindex`) VALUES
(11129, '3598', '', '', '', '', '', '', '', 100, 7, 'catalog/pod_kapelnoye_serebro/3598.jpg', 0, 1, '24', 0, 0, '0000-00-00', '0.00000000', 1, '0.00000000', '0.00000000', '0.00000000', 1, 1, 1, 1, 1, 1, '0000-00-00 00:00:00', '0000-00-00 00:00:00', 1);
INSERT INTO `oc_product_description` (`product_id`, `language_id`, `name`, `description`, `tag`, `meta_title`, `meta_description`, `meta_keyword`, `meta_h1`) VALUES(11129, 1, '[25/20мм] Серьги двойной листочек черная страза', '[25/20мм] Серьги двойной листочек черная страза - Фурнитура и бижутерия оптом, украшения из натуральных камней, бусы, кольца, браслеты, серьги, броши, Xuping, интернет магазин бижутерии ', '', '', '', '', '');
INSERT INTO `oc_product_to_category` (`product_id`, `category_id`, `main_category`) VALUES(11129, 193, 1);INSERT INTO `oc_product_to_store` (`product_id`, `store_id`) VALUES(11129, 0);
INSERT INTO `oc_product` (`product_id`, `model`, `sku`, `upc`, `ean`, `jan`, `isbn`, `mpn`, `location`, `quantity`, `stock_status_id`, `image`, `manufacturer_id`, `shipping`, `price`, `points`, `tax_class_id`, `date_available`, `weight`, `weight_class_id`, `length`, `width`, `height`, `length_class_id`, `subtract`, `minimum`, `sort_order`, `status`, `viewed`, `date_added`, `date_modified`, `noindex`) VALUES
(11130, '3600', '', '', '', '', '', '', '', 100, 7, 'catalog/pod_kapelnoye_serebro/3600.jpg', 0, 1, '30', 0, 0, '0000-00-00', '0.00000000', 1, '0.00000000', '0.00000000', '0.00000000', 1, 1, 1, 1, 1, 1, '0000-00-00 00:00:00', '0000-00-00 00:00:00', 1);
INSERT INTO `oc_product_description` (`product_id`, `language_id`, `name`, `description`, `tag`, `meta_title`, `meta_description`, `meta_keyword`, `meta_h1`) VALUES(11130, 1, '[20мм] Серьги жемчуг в овальной оправе паутинка', '[20мм] Серьги жемчуг в овальной оправе паутинка - Фурнитура и бижутерия оптом, украшения из натуральных камней, бусы, кольца, браслеты, серьги, броши, Xuping, интернет магазин бижутерии ', '', '', '', '', '');
INSERT INTO `oc_product_to_category` (`product_id`, `category_id`, `main_category`) VALUES(11130, 193, 1);INSERT INTO `oc_product_to_store` (`product_id`, `store_id`) VALUES(11130, 0);
INSERT INTO `oc_product` (`product_id`, `model`, `sku`, `upc`, `ean`, `jan`, `isbn`, `mpn`, `location`, `quantity`, `stock_status_id`, `image`, `manufacturer_id`, `shipping`, `price`, `points`, `tax_class_id`, `date_available`, `weight`, `weight_class_id`, `length`, `width`, `height`, `length_class_id`, `subtract`, `minimum`, `sort_order`, `status`, `viewed`, `date_added`, `date_modified`, `noindex`) VALUES
(11131, '5399', '', '', '', '', '', '', '', 100, 7, 'catalog/pod_kapelnoye_serebro/5399.jpg', 0, 1, '50', 0, 0, '0000-00-00', '0.00000000', 1, '0.00000000', '0.00000000', '0.00000000', 1, 1, 1, 1, 1, 1, '0000-00-00 00:00:00', '0000-00-00 00:00:00', 1);
INSERT INTO `oc_product_description` (`product_id`, `language_id`, `name`, `description`, `tag`, `meta_title`, `meta_description`, `meta_keyword`, `meta_h1`) VALUES(11131, 1, 'Серьги-пусеты Бабочки, белые стразы, металл под серебро,1,5см', 'Серьги-пусеты Бабочки, белые стразы, металл под серебро,1,5см - Фурнитура и бижутерия оптом, украшения из натуральных камней, бусы, кольца, браслеты, серьги, броши, Xuping, интернет магазин бижутерии ', '', '', '', '', '');
INSERT INTO `oc_product_to_category` (`product_id`, `category_id`, `main_category`) VALUES(11131, 193, 1);INSERT INTO `oc_product_to_store` (`product_id`, `store_id`) VALUES(11131, 0);
INSERT INTO `oc_product` (`product_id`, `model`, `sku`, `upc`, `ean`, `jan`, `isbn`, `mpn`, `location`, `quantity`, `stock_status_id`, `image`, `manufacturer_id`, `shipping`, `price`, `points`, `tax_class_id`, `date_available`, `weight`, `weight_class_id`, `length`, `width`, `height`, `length_class_id`, `subtract`, `minimum`, `sort_order`, `status`, `viewed`, `date_added`, `date_modified`, `noindex`) VALUES
(11132, '5455', '', '', '', '', '', '', '', 100, 7, 'catalog/pod_kapelnoye_serebro/5455.jpg', 0, 1, '30', 0, 0, '0000-00-00', '0.00000000', 1, '0.00000000', '0.00000000', '0.00000000', 1, 1, 1, 1, 1, 1, '0000-00-00 00:00:00', '0000-00-00 00:00:00', 1);
INSERT INTO `oc_product_description` (`product_id`, `language_id`, `name`, `description`, `tag`, `meta_title`, `meta_description`, `meta_keyword`, `meta_h1`) VALUES(11132, 1, 'Серьги -подвески Портмоне под капельное серебро,27*13мм', 'Серьги -подвески Портмоне под капельное серебро,27*13мм - Фурнитура и бижутерия оптом, украшения из натуральных камней, бусы, кольца, браслеты, серьги, броши, Xuping, интернет магазин бижутерии ', '', '', '', '', '');
INSERT INTO `oc_product_to_category` (`product_id`, `category_id`, `main_category`) VALUES(11132, 193, 1);INSERT INTO `oc_product_to_store` (`product_id`, `store_id`) VALUES(11132, 0);
INSERT INTO `oc_product` (`product_id`, `model`, `sku`, `upc`, `ean`, `jan`, `isbn`, `mpn`, `location`, `quantity`, `stock_status_id`, `image`, `manufacturer_id`, `shipping`, `price`, `points`, `tax_class_id`, `date_available`, `weight`, `weight_class_id`, `length`, `width`, `height`, `length_class_id`, `subtract`, `minimum`, `sort_order`, `status`, `viewed`, `date_added`, `date_modified`, `noindex`) VALUES
(11133, '5471', '', '', '', '', '', '', '', 100, 7, 'catalog/pod_kapelnoye_serebro/5471.jpg', 0, 1, '60', 0, 0, '0000-00-00', '0.00000000', 1, '0.00000000', '0.00000000', '0.00000000', 1, 1, 1, 1, 1, 1, '0000-00-00 00:00:00', '0000-00-00 00:00:00', 1);
INSERT INTO `oc_product_description` (`product_id`, `language_id`, `name`, `description`, `tag`, `meta_title`, `meta_description`, `meta_keyword`, `meta_h1`) VALUES(11133, 1, 'Серьги-итальянская застежка\ металл под капельное серебро\20мм', 'Серьги-итальянская застежка\ металл под капельное серебро\20мм - Фурнитура и бижутерия оптом, украшения из натуральных камней, бусы, кольца, браслеты, серьги, броши, Xuping, интернет магазин бижутерии ', '', '', '', '', '');
INSERT INTO `oc_product_to_category` (`product_id`, `category_id`, `main_category`) VALUES(11133, 193, 1);INSERT INTO `oc_product_to_store` (`product_id`, `store_id`) VALUES(11133, 0);
INSERT INTO `oc_product` (`product_id`, `model`, `sku`, `upc`, `ean`, `jan`, `isbn`, `mpn`, `location`, `quantity`, `stock_status_id`, `image`, `manufacturer_id`, `shipping`, `price`, `points`, `tax_class_id`, `date_available`, `weight`, `weight_class_id`, `length`, `width`, `height`, `length_class_id`, `subtract`, `minimum`, `sort_order`, `status`, `viewed`, `date_added`, `date_modified`, `noindex`) VALUES
(11134, '16880', '', '', '', '', '', '', '', 100, 7, 'catalog/pod_kapelnoye_serebro/16880.jpg', 0, 1, '70', 0, 0, '0000-00-00', '0.00000000', 1, '0.00000000', '0.00000000', '0.00000000', 1, 1, 1, 1, 1, 1, '0000-00-00 00:00:00', '0000-00-00 00:00:00', 1);
INSERT INTO `oc_product_description` (`product_id`, `language_id`, `name`, `description`, `tag`, `meta_title`, `meta_description`, `meta_keyword`, `meta_h1`) VALUES(11134, 1, 'Браслет под капельное серебро s-13мм L-18мм', 'Браслет под капельное серебро s-13мм L-18мм - Фурнитура и бижутерия оптом, украшения из натуральных камней, бусы, кольца, браслеты, серьги, броши, Xuping, интернет магазин бижутерии ', '', '', '', '', '');
INSERT INTO `oc_product_to_category` (`product_id`, `category_id`, `main_category`) VALUES(11134, 193, 1);INSERT INTO `oc_product_to_store` (`product_id`, `store_id`) VALUES(11134, 0);
INSERT INTO `oc_product` (`product_id`, `model`, `sku`, `upc`, `ean`, `jan`, `isbn`, `mpn`, `location`, `quantity`, `stock_status_id`, `image`, `manufacturer_id`, `shipping`, `price`, `points`, `tax_class_id`, `date_available`, `weight`, `weight_class_id`, `length`, `width`, `height`, `length_class_id`, `subtract`, `minimum`, `sort_order`, `status`, `viewed`, `date_added`, `date_modified`, `noindex`) VALUES
(11135, '22036', '', '', '', '', '', '', '', 100, 7, 'catalog/pod_kapelnoye_serebro/22036.jpg', 0, 1, '50', 0, 0, '0000-00-00', '0.00000000', 1, '0.00000000', '0.00000000', '0.00000000', 1, 1, 1, 1, 1, 1, '0000-00-00 00:00:00', '0000-00-00 00:00:00', 1);
INSERT INTO `oc_product_description` (`product_id`, `language_id`, `name`, `description`, `tag`, `meta_title`, `meta_description`, `meta_keyword`, `meta_h1`) VALUES(11135, 1, 'Браслет скоба на застежке', 'Браслет скоба на застежке - Фурнитура и бижутерия оптом, украшения из натуральных камней, бусы, кольца, браслеты, серьги, броши, Xuping, интернет магазин бижутерии ', '', '', '', '', '');
INSERT INTO `oc_product_to_category` (`product_id`, `category_id`, `main_category`) VALUES(11135, 193, 1);INSERT INTO `oc_product_to_store` (`product_id`, `store_id`) VALUES(11135, 0);
INSERT INTO `oc_product` (`product_id`, `model`, `sku`, `upc`, `ean`, `jan`, `isbn`, `mpn`, `location`, `quantity`, `stock_status_id`, `image`, `manufacturer_id`, `shipping`, `price`, `points`, `tax_class_id`, `date_available`, `weight`, `weight_class_id`, `length`, `width`, `height`, `length_class_id`, `subtract`, `minimum`, `sort_order`, `status`, `viewed`, `date_added`, `date_modified`, `noindex`) VALUES
(11136, '26889', '', '', '', '', '', '', '', 100, 7, 'catalog/pod_kapelnoye_serebro/26889.jpg', 0, 1, '64', 0, 0, '0000-00-00', '0.00000000', 1, '0.00000000', '0.00000000', '0.00000000', 1, 1, 1, 1, 1, 1, '0000-00-00 00:00:00', '0000-00-00 00:00:00', 1);
INSERT INTO `oc_product_description` (`product_id`, `language_id`, `name`, `description`, `tag`, `meta_title`, `meta_description`, `meta_keyword`, `meta_h1`) VALUES(11136, 1, 'Браслет DingKuan под капельное серебро s-10мм L-18мм', 'Браслет DingKuan под капельное серебро s-10мм L-18мм - Фурнитура и бижутерия оптом, украшения из натуральных камней, бусы, кольца, браслеты, серьги, броши, Xuping, интернет магазин бижутерии ', '', '', '', '', '');
INSERT INTO `oc_product_to_category` (`product_id`, `category_id`, `main_category`) VALUES(11136, 193, 1);INSERT INTO `oc_product_to_store` (`product_id`, `store_id`) VALUES(11136, 0);
INSERT INTO `oc_product` (`product_id`, `model`, `sku`, `upc`, `ean`, `jan`, `isbn`, `mpn`, `location`, `quantity`, `stock_status_id`, `image`, `manufacturer_id`, `shipping`, `price`, `points`, `tax_class_id`, `date_available`, `weight`, `weight_class_id`, `length`, `width`, `height`, `length_class_id`, `subtract`, `minimum`, `sort_order`, `status`, `viewed`, `date_added`, `date_modified`, `noindex`) VALUES
(11137, '26895', '', '', '', '', '', '', '', 100, 7, 'catalog/pod_kapelnoye_serebro/26895.jpg', 0, 1, '64', 0, 0, '0000-00-00', '0.00000000', 1, '0.00000000', '0.00000000', '0.00000000', 1, 1, 1, 1, 1, 1, '0000-00-00 00:00:00', '0000-00-00 00:00:00', 1);
INSERT INTO `oc_product_description` (`product_id`, `language_id`, `name`, `description`, `tag`, `meta_title`, `meta_description`, `meta_keyword`, `meta_h1`) VALUES(11137, 1, 'Браслет DingKuan под капельное серебро s-10мм L-18мм', 'Браслет DingKuan под капельное серебро s-10мм L-18мм - Фурнитура и бижутерия оптом, украшения из натуральных камней, бусы, кольца, браслеты, серьги, броши, Xuping, интернет магазин бижутерии ', '', '', '', '', '');
INSERT INTO `oc_product_to_category` (`product_id`, `category_id`, `main_category`) VALUES(11137, 193, 1);INSERT INTO `oc_product_to_store` (`product_id`, `store_id`) VALUES(11137, 0);
INSERT INTO `oc_product` (`product_id`, `model`, `sku`, `upc`, `ean`, `jan`, `isbn`, `mpn`, `location`, `quantity`, `stock_status_id`, `image`, `manufacturer_id`, `shipping`, `price`, `points`, `tax_class_id`, `date_available`, `weight`, `weight_class_id`, `length`, `width`, `height`, `length_class_id`, `subtract`, `minimum`, `sort_order`, `status`, `viewed`, `date_added`, `date_modified`, `noindex`) VALUES
(11138, '26902', '', '', '', '', '', '', '', 100, 7, 'catalog/pod_kapelnoye_serebro/26902.jpg', 0, 1, '70', 0, 0, '0000-00-00', '0.00000000', 1, '0.00000000', '0.00000000', '0.00000000', 1, 1, 1, 1, 1, 1, '0000-00-00 00:00:00', '0000-00-00 00:00:00', 1);
INSERT INTO `oc_product_description` (`product_id`, `language_id`, `name`, `description`, `tag`, `meta_title`, `meta_description`, `meta_keyword`, `meta_h1`) VALUES(11138, 1, 'Браслет DingKuan под капельное серебро s-14мм L-17-18мм', 'Браслет DingKuan под капельное серебро s-14мм L-17-18мм - Фурнитура и бижутерия оптом, украшения из натуральных камней, бусы, кольца, браслеты, серьги, броши, Xuping, интернет магазин бижутерии ', '', '', '', '', '');
INSERT INTO `oc_product_to_category` (`product_id`, `category_id`, `main_category`) VALUES(11138, 193, 1);INSERT INTO `oc_product_to_store` (`product_id`, `store_id`) VALUES(11138, 0);
INSERT INTO `oc_product` (`product_id`, `model`, `sku`, `upc`, `ean`, `jan`, `isbn`, `mpn`, `location`, `quantity`, `stock_status_id`, `image`, `manufacturer_id`, `shipping`, `price`, `points`, `tax_class_id`, `date_available`, `weight`, `weight_class_id`, `length`, `width`, `height`, `length_class_id`, `subtract`, `minimum`, `sort_order`, `status`, `viewed`, `date_added`, `date_modified`, `noindex`) VALUES
(11139, '26886', '', '', '', '', '', '', '', 100, 7, 'catalog/pod_kapelnoye_serebro/26886.jpg', 0, 1, '64', 0, 0, '0000-00-00', '0.00000000', 1, '0.00000000', '0.00000000', '0.00000000', 1, 1, 1, 1, 1, 1, '0000-00-00 00:00:00', '0000-00-00 00:00:00', 1);
INSERT INTO `oc_product_description` (`product_id`, `language_id`, `name`, `description`, `tag`, `meta_title`, `meta_description`, `meta_keyword`, `meta_h1`) VALUES(11139, 1, 'Браслет DingKuan под капельное серебро s-9мм L-18,5мм', 'Браслет DingKuan под капельное серебро s-9мм L-18,5мм - Фурнитура и бижутерия оптом, украшения из натуральных камней, бусы, кольца, браслеты, серьги, броши, Xuping, интернет магазин бижутерии ', '', '', '', '', '');
INSERT INTO `oc_product_to_category` (`product_id`, `category_id`, `main_category`) VALUES(11139, 193, 1);INSERT INTO `oc_product_to_store` (`product_id`, `store_id`) VALUES(11139, 0);
INSERT INTO `oc_product` (`product_id`, `model`, `sku`, `upc`, `ean`, `jan`, `isbn`, `mpn`, `location`, `quantity`, `stock_status_id`, `image`, `manufacturer_id`, `shipping`, `price`, `points`, `tax_class_id`, `date_available`, `weight`, `weight_class_id`, `length`, `width`, `height`, `length_class_id`, `subtract`, `minimum`, `sort_order`, `status`, `viewed`, `date_added`, `date_modified`, `noindex`) VALUES
(11140, '26896', '', '', '', '', '', '', '', 100, 7, 'catalog/pod_kapelnoye_serebro/26896.jpg', 0, 1, '64', 0, 0, '0000-00-00', '0.00000000', 1, '0.00000000', '0.00000000', '0.00000000', 1, 1, 1, 1, 1, 1, '0000-00-00 00:00:00', '0000-00-00 00:00:00', 1);
INSERT INTO `oc_product_description` (`product_id`, `language_id`, `name`, `description`, `tag`, `meta_title`, `meta_description`, `meta_keyword`, `meta_h1`) VALUES(11140, 1, 'Браслет DingKuan под капельное серебро s-11мм L-17-18мм', 'Браслет DingKuan под капельное серебро s-11мм L-17-18мм - Фурнитура и бижутерия оптом, украшения из натуральных камней, бусы, кольца, браслеты, серьги, броши, Xuping, интернет магазин бижутерии ', '', '', '', '', '');
INSERT INTO `oc_product_to_category` (`product_id`, `category_id`, `main_category`) VALUES(11140, 193, 1);INSERT INTO `oc_product_to_store` (`product_id`, `store_id`) VALUES(11140, 0);
INSERT INTO `oc_product` (`product_id`, `model`, `sku`, `upc`, `ean`, `jan`, `isbn`, `mpn`, `location`, `quantity`, `stock_status_id`, `image`, `manufacturer_id`, `shipping`, `price`, `points`, `tax_class_id`, `date_available`, `weight`, `weight_class_id`, `length`, `width`, `height`, `length_class_id`, `subtract`, `minimum`, `sort_order`, `status`, `viewed`, `date_added`, `date_modified`, `noindex`) VALUES
(11141, '26899', '', '', '', '', '', '', '', 100, 7, 'catalog/pod_kapelnoye_serebro/26899.jpg', 0, 1, '70', 0, 0, '0000-00-00', '0.00000000', 1, '0.00000000', '0.00000000', '0.00000000', 1, 1, 1, 1, 1, 1, '0000-00-00 00:00:00', '0000-00-00 00:00:00', 1);
INSERT INTO `oc_product_description` (`product_id`, `language_id`, `name`, `description`, `tag`, `meta_title`, `meta_description`, `meta_keyword`, `meta_h1`) VALUES(11141, 1, 'Браслет DingKuan под капельное серебро s-12мм L-18мм', 'Браслет DingKuan под капельное серебро s-12мм L-18мм - Фурнитура и бижутерия оптом, украшения из натуральных камней, бусы, кольца, браслеты, серьги, броши, Xuping, интернет магазин бижутерии ', '', '', '', '', '');
INSERT INTO `oc_product_to_category` (`product_id`, `category_id`, `main_category`) VALUES(11141, 193, 1);INSERT INTO `oc_product_to_store` (`product_id`, `store_id`) VALUES(11141, 0);
INSERT INTO `oc_product` (`product_id`, `model`, `sku`, `upc`, `ean`, `jan`, `isbn`, `mpn`, `location`, `quantity`, `stock_status_id`, `image`, `manufacturer_id`, `shipping`, `price`, `points`, `tax_class_id`, `date_available`, `weight`, `weight_class_id`, `length`, `width`, `height`, `length_class_id`, `subtract`, `minimum`, `sort_order`, `status`, `viewed`, `date_added`, `date_modified`, `noindex`) VALUES
(11142, '26888', '', '', '', '', '', '', '', 100, 7, 'catalog/pod_kapelnoye_serebro/26888.jpg', 0, 1, '64', 0, 0, '0000-00-00', '0.00000000', 1, '0.00000000', '0.00000000', '0.00000000', 1, 1, 1, 1, 1, 1, '0000-00-00 00:00:00', '0000-00-00 00:00:00', 1);
INSERT INTO `oc_product_description` (`product_id`, `language_id`, `name`, `description`, `tag`, `meta_title`, `meta_description`, `meta_keyword`, `meta_h1`) VALUES(11142, 1, 'Браслет DingKuan под капельное серебро s-11мм L-19мм', 'Браслет DingKuan под капельное серебро s-11мм L-19мм - Фурнитура и бижутерия оптом, украшения из натуральных камней, бусы, кольца, браслеты, серьги, броши, Xuping, интернет магазин бижутерии ', '', '', '', '', '');
INSERT INTO `oc_product_to_category` (`product_id`, `category_id`, `main_category`) VALUES(11142, 193, 1);INSERT INTO `oc_product_to_store` (`product_id`, `store_id`) VALUES(11142, 0);
INSERT INTO `oc_product` (`product_id`, `model`, `sku`, `upc`, `ean`, `jan`, `isbn`, `mpn`, `location`, `quantity`, `stock_status_id`, `image`, `manufacturer_id`, `shipping`, `price`, `points`, `tax_class_id`, `date_available`, `weight`, `weight_class_id`, `length`, `width`, `height`, `length_class_id`, `subtract`, `minimum`, `sort_order`, `status`, `viewed`, `date_added`, `date_modified`, `noindex`) VALUES
(11143, '26885', '', '', '', '', '', '', '', 100, 7, 'catalog/pod_kapelnoye_serebro/26885.jpg', 0, 1, '60', 0, 0, '0000-00-00', '0.00000000', 1, '0.00000000', '0.00000000', '0.00000000', 1, 1, 1, 1, 1, 1, '0000-00-00 00:00:00', '0000-00-00 00:00:00', 1);
INSERT INTO `oc_product_description` (`product_id`, `language_id`, `name`, `description`, `tag`, `meta_title`, `meta_description`, `meta_keyword`, `meta_h1`) VALUES(11143, 1, 'Браслет DingKuan под капельное серебро s-11мм L-18мм', 'Браслет DingKuan под капельное серебро s-11мм L-18мм - Фурнитура и бижутерия оптом, украшения из натуральных камней, бусы, кольца, браслеты, серьги, броши, Xuping, интернет магазин бижутерии ', '', '', '', '', '');
INSERT INTO `oc_product_to_category` (`product_id`, `category_id`, `main_category`) VALUES(11143, 193, 1);INSERT INTO `oc_product_to_store` (`product_id`, `store_id`) VALUES(11143, 0);
INSERT INTO `oc_product` (`product_id`, `model`, `sku`, `upc`, `ean`, `jan`, `isbn`, `mpn`, `location`, `quantity`, `stock_status_id`, `image`, `manufacturer_id`, `shipping`, `price`, `points`, `tax_class_id`, `date_available`, `weight`, `weight_class_id`, `length`, `width`, `height`, `length_class_id`, `subtract`, `minimum`, `sort_order`, `status`, `viewed`, `date_added`, `date_modified`, `noindex`) VALUES
(11144, '26894', '', '', '', '', '', '', '', 100, 7, 'catalog/pod_kapelnoye_serebro/26894.jpg', 0, 1, '64', 0, 0, '0000-00-00', '0.00000000', 1, '0.00000000', '0.00000000', '0.00000000', 1, 1, 1, 1, 1, 1, '0000-00-00 00:00:00', '0000-00-00 00:00:00', 1);
INSERT INTO `oc_product_description` (`product_id`, `language_id`, `name`, `description`, `tag`, `meta_title`, `meta_description`, `meta_keyword`, `meta_h1`) VALUES(11144, 1, 'Браслет DingKuan под капельное серебро s-10мм L-18мм', 'Браслет DingKuan под капельное серебро s-10мм L-18мм - Фурнитура и бижутерия оптом, украшения из натуральных камней, бусы, кольца, браслеты, серьги, броши, Xuping, интернет магазин бижутерии ', '', '', '', '', '');
INSERT INTO `oc_product_to_category` (`product_id`, `category_id`, `main_category`) VALUES(11144, 193, 1);INSERT INTO `oc_product_to_store` (`product_id`, `store_id`) VALUES(11144, 0);
INSERT INTO `oc_product` (`product_id`, `model`, `sku`, `upc`, `ean`, `jan`, `isbn`, `mpn`, `location`, `quantity`, `stock_status_id`, `image`, `manufacturer_id`, `shipping`, `price`, `points`, `tax_class_id`, `date_available`, `weight`, `weight_class_id`, `length`, `width`, `height`, `length_class_id`, `subtract`, `minimum`, `sort_order`, `status`, `viewed`, `date_added`, `date_modified`, `noindex`) VALUES
(11145, '26900', '', '', '', '', '', '', '', 100, 7, 'catalog/pod_kapelnoye_serebro/26900.jpg', 0, 1, '70', 0, 0, '0000-00-00', '0.00000000', 1, '0.00000000', '0.00000000', '0.00000000', 1, 1, 1, 1, 1, 1, '0000-00-00 00:00:00', '0000-00-00 00:00:00', 1);
INSERT INTO `oc_product_description` (`product_id`, `language_id`, `name`, `description`, `tag`, `meta_title`, `meta_description`, `meta_keyword`, `meta_h1`) VALUES(11145, 1, 'Браслет DingKuan под капельное серебро s-9мм L-18мм', 'Браслет DingKuan под капельное серебро s-9мм L-18мм - Фурнитура и бижутерия оптом, украшения из натуральных камней, бусы, кольца, браслеты, серьги, броши, Xuping, интернет магазин бижутерии ', '', '', '', '', '');
INSERT INTO `oc_product_to_category` (`product_id`, `category_id`, `main_category`) VALUES(11145, 193, 1);INSERT INTO `oc_product_to_store` (`product_id`, `store_id`) VALUES(11145, 0);
INSERT INTO `oc_product` (`product_id`, `model`, `sku`, `upc`, `ean`, `jan`, `isbn`, `mpn`, `location`, `quantity`, `stock_status_id`, `image`, `manufacturer_id`, `shipping`, `price`, `points`, `tax_class_id`, `date_available`, `weight`, `weight_class_id`, `length`, `width`, `height`, `length_class_id`, `subtract`, `minimum`, `sort_order`, `status`, `viewed`, `date_added`, `date_modified`, `noindex`) VALUES
(11146, '3802', '', '', '', '', '', '', '', 100, 7, 'catalog/pod_kapelnoye_serebro/3802.jpg', 0, 1, '20', 0, 0, '0000-00-00', '0.00000000', 1, '0.00000000', '0.00000000', '0.00000000', 1, 1, 1, 1, 1, 1, '0000-00-00 00:00:00', '0000-00-00 00:00:00', 1);
INSERT INTO `oc_product_description` (`product_id`, `language_id`, `name`, `description`, `tag`, `meta_title`, `meta_description`, `meta_keyword`, `meta_h1`) VALUES(11146, 1, 'Кольцо веточка р-р 18', 'Кольцо веточка р-р 18 - Фурнитура и бижутерия оптом, украшения из натуральных камней, бусы, кольца, браслеты, серьги, броши, Xuping, интернет магазин бижутерии ', '', '', '', '', '');
INSERT INTO `oc_product_to_category` (`product_id`, `category_id`, `main_category`) VALUES(11146, 193, 1);INSERT INTO `oc_product_to_store` (`product_id`, `store_id`) VALUES(11146, 0);
INSERT INTO `oc_product` (`product_id`, `model`, `sku`, `upc`, `ean`, `jan`, `isbn`, `mpn`, `location`, `quantity`, `stock_status_id`, `image`, `manufacturer_id`, `shipping`, `price`, `points`, `tax_class_id`, `date_available`, `weight`, `weight_class_id`, `length`, `width`, `height`, `length_class_id`, `subtract`, `minimum`, `sort_order`, `status`, `viewed`, `date_added`, `date_modified`, `noindex`) VALUES
(11147, '5509', '', '', '', '', '', '', '', 100, 7, 'catalog/pod_kapelnoye_serebro/5509.jpg', 0, 1, '40', 0, 0, '0000-00-00', '0.00000000', 1, '0.00000000', '0.00000000', '0.00000000', 1, 1, 1, 1, 1, 1, '0000-00-00 00:00:00', '0000-00-00 00:00:00', 1);
INSERT INTO `oc_product_description` (`product_id`, `language_id`, `name`, `description`, `tag`, `meta_title`, `meta_description`, `meta_keyword`, `meta_h1`) VALUES(11147, 1, 'Серьги-пусеты Овал, темные стразы, металл под серебро, 18мм', 'Серьги-пусеты Овал, темные стразы, металл под серебро, 18мм - Фурнитура и бижутерия оптом, украшения из натуральных камней, бусы, кольца, браслеты, серьги, броши, Xuping, интернет магазин бижутерии ', '', '', '', '', '');
INSERT INTO `oc_product_to_category` (`product_id`, `category_id`, `main_category`) VALUES(11147, 193, 1);INSERT INTO `oc_product_to_store` (`product_id`, `store_id`) VALUES(11147, 0);
INSERT INTO `oc_product` (`product_id`, `model`, `sku`, `upc`, `ean`, `jan`, `isbn`, `mpn`, `location`, `quantity`, `stock_status_id`, `image`, `manufacturer_id`, `shipping`, `price`, `points`, `tax_class_id`, `date_available`, `weight`, `weight_class_id`, `length`, `width`, `height`, `length_class_id`, `subtract`, `minimum`, `sort_order`, `status`, `viewed`, `date_added`, `date_modified`, `noindex`) VALUES
(11148, '5912', '', '', '', '', '', '', '', 100, 7, 'catalog/pod_kapelnoye_serebro/5912.jpg', 0, 1, '50', 0, 0, '0000-00-00', '0.00000000', 1, '0.00000000', '0.00000000', '0.00000000', 1, 1, 1, 1, 1, 1, '0000-00-00 00:00:00', '0000-00-00 00:00:00', 1);
INSERT INTO `oc_product_description` (`product_id`, `language_id`, `name`, `description`, `tag`, `meta_title`, `meta_description`, `meta_keyword`, `meta_h1`) VALUES(11148, 1, 'Серьги-пусеты- бабочки, усыпанные стразами, под старое серебро, 15мм', 'Серьги-пусеты- бабочки, усыпанные стразами, под старое серебро, 15мм - Фурнитура и бижутерия оптом, украшения из натуральных камней, бусы, кольца, браслеты, серьги, броши, Xuping, интернет магазин бижутерии ', '', '', '', '', '');
INSERT INTO `oc_product_to_category` (`product_id`, `category_id`, `main_category`) VALUES(11148, 193, 1);INSERT INTO `oc_product_to_store` (`product_id`, `store_id`) VALUES(11148, 0);
INSERT INTO `oc_product` (`product_id`, `model`, `sku`, `upc`, `ean`, `jan`, `isbn`, `mpn`, `location`, `quantity`, `stock_status_id`, `image`, `manufacturer_id`, `shipping`, `price`, `points`, `tax_class_id`, `date_available`, `weight`, `weight_class_id`, `length`, `width`, `height`, `length_class_id`, `subtract`, `minimum`, `sort_order`, `status`, `viewed`, `date_added`, `date_modified`, `noindex`) VALUES
(11149, '5499', '', '', '', '', '', '', '', 100, 7, 'catalog/pod_kapelnoye_serebro/5499.jpg', 0, 1, '24', 0, 0, '0000-00-00', '0.00000000', 1, '0.00000000', '0.00000000', '0.00000000', 1, 1, 1, 1, 1, 1, '0000-00-00 00:00:00', '0000-00-00 00:00:00', 1);
INSERT INTO `oc_product_description` (`product_id`, `language_id`, `name`, `description`, `tag`, `meta_title`, `meta_description`, `meta_keyword`, `meta_h1`) VALUES(11149, 1, 'Серьги-пусеты с подвеской Звезда, темные стразы, металл под серебро, 20мм', 'Серьги-пусеты с подвеской Звезда, темные стразы, металл под серебро, 20мм - Фурнитура и бижутерия оптом, украшения из натуральных камней, бусы, кольца, браслеты, серьги, броши, Xuping, интернет магазин бижутерии ', '', '', '', '', '');
INSERT INTO `oc_product_to_category` (`product_id`, `category_id`, `main_category`) VALUES(11149, 193, 1);INSERT INTO `oc_product_to_store` (`product_id`, `store_id`) VALUES(11149, 0);
INSERT INTO `oc_product` (`product_id`, `model`, `sku`, `upc`, `ean`, `jan`, `isbn`, `mpn`, `location`, `quantity`, `stock_status_id`, `image`, `manufacturer_id`, `shipping`, `price`, `points`, `tax_class_id`, `date_available`, `weight`, `weight_class_id`, `length`, `width`, `height`, `length_class_id`, `subtract`, `minimum`, `sort_order`, `status`, `viewed`, `date_added`, `date_modified`, `noindex`) VALUES
(11150, '5512', '', '', '', '', '', '', '', 100, 7, 'catalog/pod_kapelnoye_serebro/5512.jpg', 0, 1, '80', 0, 0, '0000-00-00', '0.00000000', 1, '0.00000000', '0.00000000', '0.00000000', 1, 1, 1, 1, 1, 1, '0000-00-00 00:00:00', '0000-00-00 00:00:00', 1);
INSERT INTO `oc_product_description` (`product_id`, `language_id`, `name`, `description`, `tag`, `meta_title`, `meta_description`, `meta_keyword`, `meta_h1`) VALUES(11150, 1, 'Серьги-пусеты Цветок, светлые стразы, металл под серебро,30мм', 'Серьги-пусеты Цветок, светлые стразы, металл под серебро,30мм - Фурнитура и бижутерия оптом, украшения из натуральных камней, бусы, кольца, браслеты, серьги, броши, Xuping, интернет магазин бижутерии ', '', '', '', '', '');
INSERT INTO `oc_product_to_category` (`product_id`, `category_id`, `main_category`) VALUES(11150, 193, 1);INSERT INTO `oc_product_to_store` (`product_id`, `store_id`) VALUES(11150, 0);
INSERT INTO `oc_product` (`product_id`, `model`, `sku`, `upc`, `ean`, `jan`, `isbn`, `mpn`, `location`, `quantity`, `stock_status_id`, `image`, `manufacturer_id`, `shipping`, `price`, `points`, `tax_class_id`, `date_available`, `weight`, `weight_class_id`, `length`, `width`, `height`, `length_class_id`, `subtract`, `minimum`, `sort_order`, `status`, `viewed`, `date_added`, `date_modified`, `noindex`) VALUES
(11151, '5496', '', '', '', '', '', '', '', 100, 7, 'catalog/pod_kapelnoye_serebro/5496.jpg', 0, 1, '50', 0, 0, '0000-00-00', '0.00000000', 1, '0.00000000', '0.00000000', '0.00000000', 1, 1, 1, 1, 1, 1, '0000-00-00 00:00:00', '0000-00-00 00:00:00', 1);
INSERT INTO `oc_product_description` (`product_id`, `language_id`, `name`, `description`, `tag`, `meta_title`, `meta_description`, `meta_keyword`, `meta_h1`) VALUES(11151, 1, 'Серьги-пусеты Трилистник, темные стразы, металл под серебро, 20мм', 'Серьги-пусеты Трилистник, темные стразы, металл под серебро, 20мм - Фурнитура и бижутерия оптом, украшения из натуральных камней, бусы, кольца, браслеты, серьги, броши, Xuping, интернет магазин бижутерии ', '', '', '', '', '');
INSERT INTO `oc_product_to_category` (`product_id`, `category_id`, `main_category`) VALUES(11151, 193, 1);INSERT INTO `oc_product_to_store` (`product_id`, `store_id`) VALUES(11151, 0);
INSERT INTO `oc_product` (`product_id`, `model`, `sku`, `upc`, `ean`, `jan`, `isbn`, `mpn`, `location`, `quantity`, `stock_status_id`, `image`, `manufacturer_id`, `shipping`, `price`, `points`, `tax_class_id`, `date_available`, `weight`, `weight_class_id`, `length`, `width`, `height`, `length_class_id`, `subtract`, `minimum`, `sort_order`, `status`, `viewed`, `date_added`, `date_modified`, `noindex`) VALUES
(11152, '5508', '', '', '', '', '', '', '', 100, 7, 'catalog/pod_kapelnoye_serebro/5508.jpg', 0, 1, '60', 0, 0, '0000-00-00', '0.00000000', 1, '0.00000000', '0.00000000', '0.00000000', 1, 1, 1, 1, 1, 1, '0000-00-00 00:00:00', '0000-00-00 00:00:00', 1);
INSERT INTO `oc_product_description` (`product_id`, `language_id`, `name`, `description`, `tag`, `meta_title`, `meta_description`, `meta_keyword`, `meta_h1`) VALUES(11152, 1, 'Серьги-пусеты Розы, темные стразы, металл под золото, 20мм', 'Серьги-пусеты Розы, темные стразы, металл под золото, 20мм - Фурнитура и бижутерия оптом, украшения из натуральных камней, бусы, кольца, браслеты, серьги, броши, Xuping, интернет магазин бижутерии ', '', '', '', '', '');
INSERT INTO `oc_product_to_category` (`product_id`, `category_id`, `main_category`) VALUES(11152, 193, 1);INSERT INTO `oc_product_to_store` (`product_id`, `store_id`) VALUES(11152, 0);
INSERT INTO `oc_product` (`product_id`, `model`, `sku`, `upc`, `ean`, `jan`, `isbn`, `mpn`, `location`, `quantity`, `stock_status_id`, `image`, `manufacturer_id`, `shipping`, `price`, `points`, `tax_class_id`, `date_available`, `weight`, `weight_class_id`, `length`, `width`, `height`, `length_class_id`, `subtract`, `minimum`, `sort_order`, `status`, `viewed`, `date_added`, `date_modified`, `noindex`) VALUES
(11153, '5500', '', '', '', '', '', '', '', 100, 7, 'catalog/pod_kapelnoye_serebro/5500.jpg', 0, 1, '24', 0, 0, '0000-00-00', '0.00000000', 1, '0.00000000', '0.00000000', '0.00000000', 1, 1, 1, 1, 1, 1, '0000-00-00 00:00:00', '0000-00-00 00:00:00', 1);
INSERT INTO `oc_product_description` (`product_id`, `language_id`, `name`, `description`, `tag`, `meta_title`, `meta_description`, `meta_keyword`, `meta_h1`) VALUES(11153, 1, 'Серьги-пусеты Морская звезда, темные стразы, металл под серебро, 20мм', 'Серьги-пусеты Морская звезда, темные стразы, металл под серебро, 20мм - Фурнитура и бижутерия оптом, украшения из натуральных камней, бусы, кольца, браслеты, серьги, броши, Xuping, интернет магазин бижутерии ', '', '', '', '', '');
INSERT INTO `oc_product_to_category` (`product_id`, `category_id`, `main_category`) VALUES(11153, 193, 1);INSERT INTO `oc_product_to_store` (`product_id`, `store_id`) VALUES(11153, 0);
INSERT INTO `oc_product` (`product_id`, `model`, `sku`, `upc`, `ean`, `jan`, `isbn`, `mpn`, `location`, `quantity`, `stock_status_id`, `image`, `manufacturer_id`, `shipping`, `price`, `points`, `tax_class_id`, `date_available`, `weight`, `weight_class_id`, `length`, `width`, `height`, `length_class_id`, `subtract`, `minimum`, `sort_order`, `status`, `viewed`, `date_added`, `date_modified`, `noindex`) VALUES
(11154, '5503', '', '', '', '', '', '', '', 100, 7, 'catalog/pod_kapelnoye_serebro/5503.jpg', 0, 1, '50', 0, 0, '0000-00-00', '0.00000000', 1, '0.00000000', '0.00000000', '0.00000000', 1, 1, 1, 1, 1, 1, '0000-00-00 00:00:00', '0000-00-00 00:00:00', 1);
INSERT INTO `oc_product_description` (`product_id`, `language_id`, `name`, `description`, `tag`, `meta_title`, `meta_description`, `meta_keyword`, `meta_h1`) VALUES(11154, 1, 'Серьги-пусеты Морская звезда, темные стразы, металл под серебро, 22мм', 'Серьги-пусеты Морская звезда, темные стразы, металл под серебро, 22мм - Фурнитура и бижутерия оптом, украшения из натуральных камней, бусы, кольца, браслеты, серьги, броши, Xuping, интернет магазин бижутерии ', '', '', '', '', '');
INSERT INTO `oc_product_to_category` (`product_id`, `category_id`, `main_category`) VALUES(11154, 193, 1);INSERT INTO `oc_product_to_store` (`product_id`, `store_id`) VALUES(11154, 0);
INSERT INTO `oc_product` (`product_id`, `model`, `sku`, `upc`, `ean`, `jan`, `isbn`, `mpn`, `location`, `quantity`, `stock_status_id`, `image`, `manufacturer_id`, `shipping`, `price`, `points`, `tax_class_id`, `date_available`, `weight`, `weight_class_id`, `length`, `width`, `height`, `length_class_id`, `subtract`, `minimum`, `sort_order`, `status`, `viewed`, `date_added`, `date_modified`, `noindex`) VALUES
(11155, '5501', '', '', '', '', '', '', '', 100, 7, 'catalog/pod_kapelnoye_serebro/5501.jpg', 0, 1, '50', 0, 0, '0000-00-00', '0.00000000', 1, '0.00000000', '0.00000000', '0.00000000', 1, 1, 1, 1, 1, 1, '0000-00-00 00:00:00', '0000-00-00 00:00:00', 1);
INSERT INTO `oc_product_description` (`product_id`, `language_id`, `name`, `description`, `tag`, `meta_title`, `meta_description`, `meta_keyword`, `meta_h1`) VALUES(11155, 1, 'Серьги-пусеты Лист, темные стразы, металл под серебро, 22мм', 'Серьги-пусеты Лист, темные стразы, металл под серебро, 22мм - Фурнитура и бижутерия оптом, украшения из натуральных камней, бусы, кольца, браслеты, серьги, броши, Xuping, интернет магазин бижутерии ', '', '', '', '', '');
INSERT INTO `oc_product_to_category` (`product_id`, `category_id`, `main_category`) VALUES(11155, 193, 1);INSERT INTO `oc_product_to_store` (`product_id`, `store_id`) VALUES(11155, 0);
INSERT INTO `oc_product` (`product_id`, `model`, `sku`, `upc`, `ean`, `jan`, `isbn`, `mpn`, `location`, `quantity`, `stock_status_id`, `image`, `manufacturer_id`, `shipping`, `price`, `points`, `tax_class_id`, `date_available`, `weight`, `weight_class_id`, `length`, `width`, `height`, `length_class_id`, `subtract`, `minimum`, `sort_order`, `status`, `viewed`, `date_added`, `date_modified`, `noindex`) VALUES
(11156, '5475', '', '', '', '', '', '', '', 100, 7, 'catalog/pod_kapelnoye_serebro/5475.jpg', 0, 1, '90', 0, 0, '0000-00-00', '0.00000000', 1, '0.00000000', '0.00000000', '0.00000000', 1, 1, 1, 1, 1, 1, '0000-00-00 00:00:00', '0000-00-00 00:00:00', 1);
INSERT INTO `oc_product_description` (`product_id`, `language_id`, `name`, `description`, `tag`, `meta_title`, `meta_description`, `meta_keyword`, `meta_h1`) VALUES(11156, 1, 'Серьги объемные, с вензелями, декорированными стразами\ под серебро/ 17*15mm', 'Серьги объемные, с вензелями, декорированными стразами\ под серебро/ 17*15mm - Фурнитура и бижутерия оптом, украшения из натуральных камней, бусы, кольца, браслеты, серьги, броши, Xuping, интернет магазин бижутерии ', '', '', '', '', '');
INSERT INTO `oc_product_to_category` (`product_id`, `category_id`, `main_category`) VALUES(11156, 193, 1);INSERT INTO `oc_product_to_store` (`product_id`, `store_id`) VALUES(11156, 0);
INSERT INTO `oc_product` (`product_id`, `model`, `sku`, `upc`, `ean`, `jan`, `isbn`, `mpn`, `location`, `quantity`, `stock_status_id`, `image`, `manufacturer_id`, `shipping`, `price`, `points`, `tax_class_id`, `date_available`, `weight`, `weight_class_id`, `length`, `width`, `height`, `length_class_id`, `subtract`, `minimum`, `sort_order`, `status`, `viewed`, `date_added`, `date_modified`, `noindex`) VALUES
(11157, '10477', '', '', '', '', '', '', '', 100, 7, 'catalog/pod_kapelnoye_serebro/10477.jpg', 0, 1, '36', 0, 0, '0000-00-00', '0.00000000', 1, '0.00000000', '0.00000000', '0.00000000', 1, 1, 1, 1, 1, 1, '0000-00-00 00:00:00', '0000-00-00 00:00:00', 1);
INSERT INTO `oc_product_description` (`product_id`, `language_id`, `name`, `description`, `tag`, `meta_title`, `meta_description`, `meta_keyword`, `meta_h1`) VALUES(11157, 1, 'Серьги под капельное серебро Цветочки L-3см', 'Серьги под капельное серебро Цветочки L-3см - Фурнитура и бижутерия оптом, украшения из натуральных камней, бусы, кольца, браслеты, серьги, броши, Xuping, интернет магазин бижутерии ', '', '', '', '', '');
INSERT INTO `oc_product_to_category` (`product_id`, `category_id`, `main_category`) VALUES(11157, 193, 1);INSERT INTO `oc_product_to_store` (`product_id`, `store_id`) VALUES(11157, 0);
INSERT INTO `oc_product` (`product_id`, `model`, `sku`, `upc`, `ean`, `jan`, `isbn`, `mpn`, `location`, `quantity`, `stock_status_id`, `image`, `manufacturer_id`, `shipping`, `price`, `points`, `tax_class_id`, `date_available`, `weight`, `weight_class_id`, `length`, `width`, `height`, `length_class_id`, `subtract`, `minimum`, `sort_order`, `status`, `viewed`, `date_added`, `date_modified`, `noindex`) VALUES
(11158, '5494', '', '', '', '', '', '', '', 100, 7, 'catalog/pod_kapelnoye_serebro/5494.jpg', 0, 1, '24', 0, 0, '0000-00-00', '0.00000000', 1, '0.00000000', '0.00000000', '0.00000000', 1, 1, 1, 1, 1, 1, '0000-00-00 00:00:00', '0000-00-00 00:00:00', 1);
INSERT INTO `oc_product_description` (`product_id`, `language_id`, `name`, `description`, `tag`, `meta_title`, `meta_description`, `meta_keyword`, `meta_h1`) VALUES(11158, 1, 'Серьги-пусеты Ромашка, темные стразы, металл под серебро, 17мм', 'Серьги-пусеты Ромашка, темные стразы, металл под серебро, 17мм - Фурнитура и бижутерия оптом, украшения из натуральных камней, бусы, кольца, браслеты, серьги, броши, Xuping, интернет магазин бижутерии ', '', '', '', '', '');
INSERT INTO `oc_product_to_category` (`product_id`, `category_id`, `main_category`) VALUES(11158, 193, 1);INSERT INTO `oc_product_to_store` (`product_id`, `store_id`) VALUES(11158, 0);
INSERT INTO `oc_product` (`product_id`, `model`, `sku`, `upc`, `ean`, `jan`, `isbn`, `mpn`, `location`, `quantity`, `stock_status_id`, `image`, `manufacturer_id`, `shipping`, `price`, `points`, `tax_class_id`, `date_available`, `weight`, `weight_class_id`, `length`, `width`, `height`, `length_class_id`, `subtract`, `minimum`, `sort_order`, `status`, `viewed`, `date_added`, `date_modified`, `noindex`) VALUES
(11159, '5504', '', '', '', '', '', '', '', 100, 7, 'catalog/pod_kapelnoye_serebro/5504.jpg', 0, 1, '50', 0, 0, '0000-00-00', '0.00000000', 1, '0.00000000', '0.00000000', '0.00000000', 1, 1, 1, 1, 1, 1, '0000-00-00 00:00:00', '0000-00-00 00:00:00', 1);
INSERT INTO `oc_product_description` (`product_id`, `language_id`, `name`, `description`, `tag`, `meta_title`, `meta_description`, `meta_keyword`, `meta_h1`) VALUES(11159, 1, 'Серьги-пусеты Монетки с ажурным ободком, темные стразы, металл под серебро, 20мм', 'Серьги-пусеты Монетки с ажурным ободком, темные стразы, металл под серебро, 20мм - Фурнитура и бижутерия оптом, украшения из натуральных камней, бусы, кольца, браслеты, серьги, броши, Xuping, интернет магазин бижутерии ', '', '', '', '', '');
INSERT INTO `oc_product_to_category` (`product_id`, `category_id`, `main_category`) VALUES(11159, 193, 1);INSERT INTO `oc_product_to_store` (`product_id`, `store_id`) VALUES(11159, 0);
INSERT INTO `oc_product` (`product_id`, `model`, `sku`, `upc`, `ean`, `jan`, `isbn`, `mpn`, `location`, `quantity`, `stock_status_id`, `image`, `manufacturer_id`, `shipping`, `price`, `points`, `tax_class_id`, `date_available`, `weight`, `weight_class_id`, `length`, `width`, `height`, `length_class_id`, `subtract`, `minimum`, `sort_order`, `status`, `viewed`, `date_added`, `date_modified`, `noindex`) VALUES
(11160, '5491', '', '', '', '', '', '', '', 100, 7, 'catalog/pod_kapelnoye_serebro/5491.jpg', 0, 1, '44', 0, 0, '0000-00-00', '0.00000000', 1, '0.00000000', '0.00000000', '0.00000000', 1, 1, 1, 1, 1, 1, '0000-00-00 00:00:00', '0000-00-00 00:00:00', 1);
INSERT INTO `oc_product_description` (`product_id`, `language_id`, `name`, `description`, `tag`, `meta_title`, `meta_description`, `meta_keyword`, `meta_h1`) VALUES(11160, 1, 'Серьги -пусеты в виде цветов произвольной формы, украшенных стразами, под серебро\20мм', 'Серьги -пусеты в виде цветов произвольной формы, украшенных стразами, под серебро\20мм - Фурнитура и бижутерия оптом, украшения из натуральных камней, бусы, кольца, браслеты, серьги, броши, Xuping, интернет магазин бижутерии ', '', '', '', '', '');
INSERT INTO `oc_product_to_category` (`product_id`, `category_id`, `main_category`) VALUES(11160, 193, 1);INSERT INTO `oc_product_to_store` (`product_id`, `store_id`) VALUES(11160, 0);
INSERT INTO `oc_product` (`product_id`, `model`, `sku`, `upc`, `ean`, `jan`, `isbn`, `mpn`, `location`, `quantity`, `stock_status_id`, `image`, `manufacturer_id`, `shipping`, `price`, `points`, `tax_class_id`, `date_available`, `weight`, `weight_class_id`, `length`, `width`, `height`, `length_class_id`, `subtract`, `minimum`, `sort_order`, `status`, `viewed`, `date_added`, `date_modified`, `noindex`) VALUES
(11161, '5498', '', '', '', '', '', '', '', 100, 7, 'catalog/pod_kapelnoye_serebro/5498.jpg', 0, 1, '50', 0, 0, '0000-00-00', '0.00000000', 1, '0.00000000', '0.00000000', '0.00000000', 1, 1, 1, 1, 1, 1, '0000-00-00 00:00:00', '0000-00-00 00:00:00', 1);
INSERT INTO `oc_product_description` (`product_id`, `language_id`, `name`, `description`, `tag`, `meta_title`, `meta_description`, `meta_keyword`, `meta_h1`) VALUES(11161, 1, 'Серьги-пусеты Кленовый лист, темные стразы, металл под серебро, 20мм', 'Серьги-пусеты Кленовый лист, темные стразы, металл под серебро, 20мм - Фурнитура и бижутерия оптом, украшения из натуральных камней, бусы, кольца, браслеты, серьги, броши, Xuping, интернет магазин бижутерии ', '', '', '', '', '');
INSERT INTO `oc_product_to_category` (`product_id`, `category_id`, `main_category`) VALUES(11161, 193, 1);INSERT INTO `oc_product_to_store` (`product_id`, `store_id`) VALUES(11161, 0);
INSERT INTO `oc_product` (`product_id`, `model`, `sku`, `upc`, `ean`, `jan`, `isbn`, `mpn`, `location`, `quantity`, `stock_status_id`, `image`, `manufacturer_id`, `shipping`, `price`, `points`, `tax_class_id`, `date_available`, `weight`, `weight_class_id`, `length`, `width`, `height`, `length_class_id`, `subtract`, `minimum`, `sort_order`, `status`, `viewed`, `date_added`, `date_modified`, `noindex`) VALUES
(11162, '4961', '', '', '', '', '', '', '', 100, 7, 'catalog/pod_kapelnoye_serebro/4961.jpg', 0, 1, '50', 0, 0, '0000-00-00', '0.00000000', 1, '0.00000000', '0.00000000', '0.00000000', 1, 1, 1, 1, 1, 1, '0000-00-00 00:00:00', '0000-00-00 00:00:00', 1);
INSERT INTO `oc_product_description` (`product_id`, `language_id`, `name`, `description`, `tag`, `meta_title`, `meta_description`, `meta_keyword`, `meta_h1`) VALUES(11162, 1, '[5.5см] Браслет женский, металлический, инкрустирован множеством разноцветных камней', '[5.5см] Браслет женский, металлический, инкрустирован множеством разноцветных камней - Фурнитура и бижутерия оптом, украшения из натуральных камней, бусы, кольца, браслеты, серьги, броши, Xuping, интернет магазин бижутерии ', '', '', '', '', '');
INSERT INTO `oc_product_to_category` (`product_id`, `category_id`, `main_category`) VALUES(11162, 193, 1);INSERT INTO `oc_product_to_store` (`product_id`, `store_id`) VALUES(11162, 0);
INSERT INTO `oc_product` (`product_id`, `model`, `sku`, `upc`, `ean`, `jan`, `isbn`, `mpn`, `location`, `quantity`, `stock_status_id`, `image`, `manufacturer_id`, `shipping`, `price`, `points`, `tax_class_id`, `date_available`, `weight`, `weight_class_id`, `length`, `width`, `height`, `length_class_id`, `subtract`, `minimum`, `sort_order`, `status`, `viewed`, `date_added`, `date_modified`, `noindex`) VALUES
(11163, '4963', '', '', '', '', '', '', '', 100, 7, 'catalog/pod_kapelnoye_serebro/4963.jpg', 0, 1, '60', 0, 0, '0000-00-00', '0.00000000', 1, '0.00000000', '0.00000000', '0.00000000', 1, 1, 1, 1, 1, 1, '0000-00-00 00:00:00', '0000-00-00 00:00:00', 1);
INSERT INTO `oc_product_description` (`product_id`, `language_id`, `name`, `description`, `tag`, `meta_title`, `meta_description`, `meta_keyword`, `meta_h1`) VALUES(11163, 1, '[5см] Браслет  Самоцветы, женский, широкий, инкрустирован множеством разноцветных камней', '[5см] Браслет  Самоцветы, женский, широкий, инкрустирован множеством разноцветных камней - Фурнитура и бижутерия оптом, украшения из натуральных камней, бусы, кольца, браслеты, серьги, броши, Xuping, интернет магазин бижутерии ', '', '', '', '', '');
INSERT INTO `oc_product_to_category` (`product_id`, `category_id`, `main_category`) VALUES(11163, 193, 1);INSERT INTO `oc_product_to_store` (`product_id`, `store_id`) VALUES(11163, 0);
INSERT INTO `oc_product` (`product_id`, `model`, `sku`, `upc`, `ean`, `jan`, `isbn`, `mpn`, `location`, `quantity`, `stock_status_id`, `image`, `manufacturer_id`, `shipping`, `price`, `points`, `tax_class_id`, `date_available`, `weight`, `weight_class_id`, `length`, `width`, `height`, `length_class_id`, `subtract`, `minimum`, `sort_order`, `status`, `viewed`, `date_added`, `date_modified`, `noindex`) VALUES
(11164, '6238', '', '', '', '', '', '', '', 100, 7, 'catalog/pod_kapelnoye_serebro/6238.jpg', 0, 1, '70', 0, 0, '0000-00-00', '0.00000000', 1, '0.00000000', '0.00000000', '0.00000000', 1, 1, 1, 1, 1, 1, '0000-00-00 00:00:00', '0000-00-00 00:00:00', 1);
INSERT INTO `oc_product_description` (`product_id`, `language_id`, `name`, `description`, `tag`, `meta_title`, `meta_description`, `meta_keyword`, `meta_h1`) VALUES(11164, 1, 'Браслет стальной под капельное серебро страза 18 см', 'Браслет стальной под капельное серебро страза 18 см - Фурнитура и бижутерия оптом, украшения из натуральных камней, бусы, кольца, браслеты, серьги, броши, Xuping, интернет магазин бижутерии ', '', '', '', '', '');
INSERT INTO `oc_product_to_category` (`product_id`, `category_id`, `main_category`) VALUES(11164, 193, 1);INSERT INTO `oc_product_to_store` (`product_id`, `store_id`) VALUES(11164, 0);
INSERT INTO `oc_product` (`product_id`, `model`, `sku`, `upc`, `ean`, `jan`, `isbn`, `mpn`, `location`, `quantity`, `stock_status_id`, `image`, `manufacturer_id`, `shipping`, `price`, `points`, `tax_class_id`, `date_available`, `weight`, `weight_class_id`, `length`, `width`, `height`, `length_class_id`, `subtract`, `minimum`, `sort_order`, `status`, `viewed`, `date_added`, `date_modified`, `noindex`) VALUES
(11165, '10160', '', '', '', '', '', '', '', 100, 7, 'catalog/pod_kapelnoye_serebro/10160.jpg', 0, 1, '60', 0, 0, '0000-00-00', '0.00000000', 1, '0.00000000', '0.00000000', '0.00000000', 1, 1, 1, 1, 1, 1, '0000-00-00 00:00:00', '0000-00-00 00:00:00', 1);
INSERT INTO `oc_product_description` (`product_id`, `language_id`, `name`, `description`, `tag`, `meta_title`, `meta_description`, `meta_keyword`, `meta_h1`) VALUES(11165, 1, 'Браслет под капельное серебро Листочки', 'Браслет под капельное серебро Листочки - Фурнитура и бижутерия оптом, украшения из натуральных камней, бусы, кольца, браслеты, серьги, броши, Xuping, интернет магазин бижутерии ', '', '', '', '', '');
INSERT INTO `oc_product_to_category` (`product_id`, `category_id`, `main_category`) VALUES(11165, 193, 1);INSERT INTO `oc_product_to_store` (`product_id`, `store_id`) VALUES(11165, 0);
INSERT INTO `oc_product` (`product_id`, `model`, `sku`, `upc`, `ean`, `jan`, `isbn`, `mpn`, `location`, `quantity`, `stock_status_id`, `image`, `manufacturer_id`, `shipping`, `price`, `points`, `tax_class_id`, `date_available`, `weight`, `weight_class_id`, `length`, `width`, `height`, `length_class_id`, `subtract`, `minimum`, `sort_order`, `status`, `viewed`, `date_added`, `date_modified`, `noindex`) VALUES
(11166, '26906', '', '', '', '', '', '', '', 100, 7, 'catalog/pod_kapelnoye_serebro/26906.jpg', 0, 1, '70', 0, 0, '0000-00-00', '0.00000000', 1, '0.00000000', '0.00000000', '0.00000000', 1, 1, 1, 1, 1, 1, '0000-00-00 00:00:00', '0000-00-00 00:00:00', 1);
INSERT INTO `oc_product_description` (`product_id`, `language_id`, `name`, `description`, `tag`, `meta_title`, `meta_description`, `meta_keyword`, `meta_h1`) VALUES(11166, 1, 'Браслет DingKuan под капельное серебро s-12мм L-17,5мм', 'Браслет DingKuan под капельное серебро s-12мм L-17,5мм - Фурнитура и бижутерия оптом, украшения из натуральных камней, бусы, кольца, браслеты, серьги, броши, Xuping, интернет магазин бижутерии ', '', '', '', '', '');
INSERT INTO `oc_product_to_category` (`product_id`, `category_id`, `main_category`) VALUES(11166, 193, 1);INSERT INTO `oc_product_to_store` (`product_id`, `store_id`) VALUES(11166, 0);
INSERT INTO `oc_product` (`product_id`, `model`, `sku`, `upc`, `ean`, `jan`, `isbn`, `mpn`, `location`, `quantity`, `stock_status_id`, `image`, `manufacturer_id`, `shipping`, `price`, `points`, `tax_class_id`, `date_available`, `weight`, `weight_class_id`, `length`, `width`, `height`, `length_class_id`, `subtract`, `minimum`, `sort_order`, `status`, `viewed`, `date_added`, `date_modified`, `noindex`) VALUES
(11167, '26887', '', '', '', '', '', '', '', 100, 7, 'catalog/pod_kapelnoye_serebro/26887.jpg', 0, 1, '64', 0, 0, '0000-00-00', '0.00000000', 1, '0.00000000', '0.00000000', '0.00000000', 1, 1, 1, 1, 1, 1, '0000-00-00 00:00:00', '0000-00-00 00:00:00', 1);
INSERT INTO `oc_product_description` (`product_id`, `language_id`, `name`, `description`, `tag`, `meta_title`, `meta_description`, `meta_keyword`, `meta_h1`) VALUES(11167, 1, 'Браслет DingKuan под капельное серебро s-11мм L-18мм', 'Браслет DingKuan под капельное серебро s-11мм L-18мм - Фурнитура и бижутерия оптом, украшения из натуральных камней, бусы, кольца, браслеты, серьги, броши, Xuping, интернет магазин бижутерии ', '', '', '', '', '');
INSERT INTO `oc_product_to_category` (`product_id`, `category_id`, `main_category`) VALUES(11167, 193, 1);INSERT INTO `oc_product_to_store` (`product_id`, `store_id`) VALUES(11167, 0);
INSERT INTO `oc_product` (`product_id`, `model`, `sku`, `upc`, `ean`, `jan`, `isbn`, `mpn`, `location`, `quantity`, `stock_status_id`, `image`, `manufacturer_id`, `shipping`, `price`, `points`, `tax_class_id`, `date_available`, `weight`, `weight_class_id`, `length`, `width`, `height`, `length_class_id`, `subtract`, `minimum`, `sort_order`, `status`, `viewed`, `date_added`, `date_modified`, `noindex`) VALUES
(11168, '26880', '', '', '', '', '', '', '', 100, 7, 'catalog/pod_kapelnoye_serebro/26880.jpg', 0, 1, '60', 0, 0, '0000-00-00', '0.00000000', 1, '0.00000000', '0.00000000', '0.00000000', 1, 1, 1, 1, 1, 1, '0000-00-00 00:00:00', '0000-00-00 00:00:00', 1);
INSERT INTO `oc_product_description` (`product_id`, `language_id`, `name`, `description`, `tag`, `meta_title`, `meta_description`, `meta_keyword`, `meta_h1`) VALUES(11168, 1, 'Браслет DingKuan под капельное серебро s-13мм L-18,5мм', 'Браслет DingKuan под капельное серебро s-13мм L-18,5мм - Фурнитура и бижутерия оптом, украшения из натуральных камней, бусы, кольца, браслеты, серьги, броши, Xuping, интернет магазин бижутерии ', '', '', '', '', '');
INSERT INTO `oc_product_to_category` (`product_id`, `category_id`, `main_category`) VALUES(11168, 193, 1);INSERT INTO `oc_product_to_store` (`product_id`, `store_id`) VALUES(11168, 0);
INSERT INTO `oc_product` (`product_id`, `model`, `sku`, `upc`, `ean`, `jan`, `isbn`, `mpn`, `location`, `quantity`, `stock_status_id`, `image`, `manufacturer_id`, `shipping`, `price`, `points`, `tax_class_id`, `date_available`, `weight`, `weight_class_id`, `length`, `width`, `height`, `length_class_id`, `subtract`, `minimum`, `sort_order`, `status`, `viewed`, `date_added`, `date_modified`, `noindex`) VALUES
(11169, '26884', '', '', '', '', '', '', '', 100, 7, 'catalog/pod_kapelnoye_serebro/26884.jpg', 0, 1, '60', 0, 0, '0000-00-00', '0.00000000', 1, '0.00000000', '0.00000000', '0.00000000', 1, 1, 1, 1, 1, 1, '0000-00-00 00:00:00', '0000-00-00 00:00:00', 1);
INSERT INTO `oc_product_description` (`product_id`, `language_id`, `name`, `description`, `tag`, `meta_title`, `meta_description`, `meta_keyword`, `meta_h1`) VALUES(11169, 1, 'Браслет DingKuan под капельное серебро s-9мм L-18,5мм', 'Браслет DingKuan под капельное серебро s-9мм L-18,5мм - Фурнитура и бижутерия оптом, украшения из натуральных камней, бусы, кольца, браслеты, серьги, броши, Xuping, интернет магазин бижутерии ', '', '', '', '', '');
INSERT INTO `oc_product_to_category` (`product_id`, `category_id`, `main_category`) VALUES(11169, 193, 1);INSERT INTO `oc_product_to_store` (`product_id`, `store_id`) VALUES(11169, 0);
INSERT INTO `oc_product` (`product_id`, `model`, `sku`, `upc`, `ean`, `jan`, `isbn`, `mpn`, `location`, `quantity`, `stock_status_id`, `image`, `manufacturer_id`, `shipping`, `price`, `points`, `tax_class_id`, `date_available`, `weight`, `weight_class_id`, `length`, `width`, `height`, `length_class_id`, `subtract`, `minimum`, `sort_order`, `status`, `viewed`, `date_added`, `date_modified`, `noindex`) VALUES
(11170, '6239', '', '', '', '', '', '', '', 100, 7, 'catalog/pod_kapelnoye_serebro/6239.jpg', 0, 1, '60', 0, 0, '0000-00-00', '0.00000000', 1, '0.00000000', '0.00000000', '0.00000000', 1, 1, 1, 1, 1, 1, '0000-00-00 00:00:00', '0000-00-00 00:00:00', 1);
INSERT INTO `oc_product_description` (`product_id`, `language_id`, `name`, `description`, `tag`, `meta_title`, `meta_description`, `meta_keyword`, `meta_h1`) VALUES(11170, 1, 'Браслет стальной под капельное серебро страза 18 см', 'Браслет стальной под капельное серебро страза 18 см - Фурнитура и бижутерия оптом, украшения из натуральных камней, бусы, кольца, браслеты, серьги, броши, Xuping, интернет магазин бижутерии ', '', '', '', '', '');
INSERT INTO `oc_product_to_category` (`product_id`, `category_id`, `main_category`) VALUES(11170, 193, 1);INSERT INTO `oc_product_to_store` (`product_id`, `store_id`) VALUES(11170, 0);
INSERT INTO `oc_product` (`product_id`, `model`, `sku`, `upc`, `ean`, `jan`, `isbn`, `mpn`, `location`, `quantity`, `stock_status_id`, `image`, `manufacturer_id`, `shipping`, `price`, `points`, `tax_class_id`, `date_available`, `weight`, `weight_class_id`, `length`, `width`, `height`, `length_class_id`, `subtract`, `minimum`, `sort_order`, `status`, `viewed`, `date_added`, `date_modified`, `noindex`) VALUES
(11171, '3131', '', '', '', '', '', '', '', 100, 7, 'catalog/pod_kapelnoye_serebro/3131.jpg', 0, 1, '70', 0, 0, '0000-00-00', '0.00000000', 1, '0.00000000', '0.00000000', '0.00000000', 1, 1, 1, 1, 1, 1, '0000-00-00 00:00:00', '0000-00-00 00:00:00', 1);
INSERT INTO `oc_product_description` (`product_id`, `language_id`, `name`, `description`, `tag`, `meta_title`, `meta_description`, `meta_keyword`, `meta_h1`) VALUES(11171, 1, 'Браслет Звено 9 страз', ' Браслет Звено 9 страз - Фурнитура и бижутерия оптом, украшения из натуральных камней, бусы, кольца, браслеты, серьги, броши, Xuping, интернет магазин бижутерии ', '', '', '', '', '');
INSERT INTO `oc_product_to_category` (`product_id`, `category_id`, `main_category`) VALUES(11171, 193, 1);INSERT INTO `oc_product_to_store` (`product_id`, `store_id`) VALUES(11171, 0);
INSERT INTO `oc_product` (`product_id`, `model`, `sku`, `upc`, `ean`, `jan`, `isbn`, `mpn`, `location`, `quantity`, `stock_status_id`, `image`, `manufacturer_id`, `shipping`, `price`, `points`, `tax_class_id`, `date_available`, `weight`, `weight_class_id`, `length`, `width`, `height`, `length_class_id`, `subtract`, `minimum`, `sort_order`, `status`, `viewed`, `date_added`, `date_modified`, `noindex`) VALUES
(11172, '26890', '', '', '', '', '', '', '', 100, 7, 'catalog/pod_kapelnoye_serebro/26890.jpg', 0, 1, '64', 0, 0, '0000-00-00', '0.00000000', 1, '0.00000000', '0.00000000', '0.00000000', 1, 1, 1, 1, 1, 1, '0000-00-00 00:00:00', '0000-00-00 00:00:00', 1);
INSERT INTO `oc_product_description` (`product_id`, `language_id`, `name`, `description`, `tag`, `meta_title`, `meta_description`, `meta_keyword`, `meta_h1`) VALUES(11172, 1, 'Браслет DingKuan под капельное серебро s-10мм L-17-18мм', 'Браслет DingKuan под капельное серебро s-10мм L-17-18мм - Фурнитура и бижутерия оптом, украшения из натуральных камней, бусы, кольца, браслеты, серьги, броши, Xuping, интернет магазин бижутерии ', '', '', '', '', '');
INSERT INTO `oc_product_to_category` (`product_id`, `category_id`, `main_category`) VALUES(11172, 193, 1);INSERT INTO `oc_product_to_store` (`product_id`, `store_id`) VALUES(11172, 0);
