INSERT INTO `oc_product` (`product_id`, `model`, `sku`, `upc`, `ean`, `jan`, `isbn`, `mpn`, `location`, `quantity`, `stock_status_id`, `image`, `manufacturer_id`, `shipping`, `price`, `points`, `tax_class_id`, `date_available`, `weight`, `weight_class_id`, `length`, `width`, `height`, `length_class_id`, `subtract`, `minimum`, `sort_order`, `status`, `viewed`, `date_added`, `date_modified`, `noindex`) VALUES
(12020, '11281', '', '', '', '', '', '', '', 100, 7, 'catalog/muzhskie_kolca/11281.jpg', 0, 1, '16', 0, 0, '0000-00-00', '0.00000000', 1, '0.00000000', '0.00000000', '0.00000000', 1, 1, 1, 1, 1, 1, '0000-00-00 00:00:00', '0000-00-00 00:00:00', 1);
INSERT INTO `oc_product_description` (`product_id`, `language_id`, `name`, `description`, `tag`, `meta_title`, `meta_description`, `meta_keyword`, `meta_h1`) VALUES(12020, 1, 'Кольцо Скорпион серебристое р-р 20,21,22', 'Кольцо Скорпион серебристое р-р 20,21,22 - Фурнитура и бижутерия оптом, украшения из натуральных камней, бусы, кольца, браслеты, серьги, броши, Xuping, интернет магазин бижутерии ', '', '', '', '', '');
INSERT INTO `oc_product_to_category` (`product_id`, `category_id`, `main_category`) VALUES(12020, 206, 1);INSERT INTO `oc_product_to_store` (`product_id`, `store_id`) VALUES(12020, 0);
INSERT INTO `oc_product` (`product_id`, `model`, `sku`, `upc`, `ean`, `jan`, `isbn`, `mpn`, `location`, `quantity`, `stock_status_id`, `image`, `manufacturer_id`, `shipping`, `price`, `points`, `tax_class_id`, `date_available`, `weight`, `weight_class_id`, `length`, `width`, `height`, `length_class_id`, `subtract`, `minimum`, `sort_order`, `status`, `viewed`, `date_added`, `date_modified`, `noindex`) VALUES
(12021, '10679', '', '', '', '', '', '', '', 100, 7, 'catalog/muzhskie_kolca/10679.jpg', 0, 1, '30', 0, 0, '0000-00-00', '0.00000000', 1, '0.00000000', '0.00000000', '0.00000000', 1, 1, 1, 1, 1, 1, '0000-00-00 00:00:00', '0000-00-00 00:00:00', 1);
INSERT INTO `oc_product_description` (`product_id`, `language_id`, `name`, `description`, `tag`, `meta_title`, `meta_description`, `meta_keyword`, `meta_h1`) VALUES(12021, 1, 'Кольцо Всевластья серебристое р-р 20', 'Кольцо Всевластья серебристое р-р 20 - Фурнитура и бижутерия оптом, украшения из натуральных камней, бусы, кольца, браслеты, серьги, броши, Xuping, интернет магазин бижутерии ', '', '', '', '', '');
INSERT INTO `oc_product_to_category` (`product_id`, `category_id`, `main_category`) VALUES(12021, 206, 1);INSERT INTO `oc_product_to_store` (`product_id`, `store_id`) VALUES(12021, 0);
INSERT INTO `oc_product` (`product_id`, `model`, `sku`, `upc`, `ean`, `jan`, `isbn`, `mpn`, `location`, `quantity`, `stock_status_id`, `image`, `manufacturer_id`, `shipping`, `price`, `points`, `tax_class_id`, `date_available`, `weight`, `weight_class_id`, `length`, `width`, `height`, `length_class_id`, `subtract`, `minimum`, `sort_order`, `status`, `viewed`, `date_added`, `date_modified`, `noindex`) VALUES
(12022, '10674', '', '', '', '', '', '', '', 100, 7, 'catalog/muzhskie_kolca/10674.jpg', 0, 1, '16', 0, 0, '0000-00-00', '0.00000000', 1, '0.00000000', '0.00000000', '0.00000000', 1, 1, 1, 1, 1, 1, '0000-00-00 00:00:00', '0000-00-00 00:00:00', 1);
INSERT INTO `oc_product_description` (`product_id`, `language_id`, `name`, `description`, `tag`, `meta_title`, `meta_description`, `meta_keyword`, `meta_h1`) VALUES(12022, 1, 'Кольцо Азия серебристое р-р 21,22', 'Кольцо Азия серебристое р-р 21,22 - Фурнитура и бижутерия оптом, украшения из натуральных камней, бусы, кольца, браслеты, серьги, броши, Xuping, интернет магазин бижутерии ', '', '', '', '', '');
INSERT INTO `oc_product_to_category` (`product_id`, `category_id`, `main_category`) VALUES(12022, 206, 1);INSERT INTO `oc_product_to_store` (`product_id`, `store_id`) VALUES(12022, 0);
INSERT INTO `oc_product` (`product_id`, `model`, `sku`, `upc`, `ean`, `jan`, `isbn`, `mpn`, `location`, `quantity`, `stock_status_id`, `image`, `manufacturer_id`, `shipping`, `price`, `points`, `tax_class_id`, `date_available`, `weight`, `weight_class_id`, `length`, `width`, `height`, `length_class_id`, `subtract`, `minimum`, `sort_order`, `status`, `viewed`, `date_added`, `date_modified`, `noindex`) VALUES
(12023, '9614', '', '', '', '', '', '', '', 100, 7, 'catalog/muzhskie_kolca/9614.jpg', 0, 1, '24', 0, 0, '0000-00-00', '0.00000000', 1, '0.00000000', '0.00000000', '0.00000000', 1, 1, 1, 1, 1, 1, '0000-00-00 00:00:00', '0000-00-00 00:00:00', 1);
INSERT INTO `oc_product_description` (`product_id`, `language_id`, `name`, `description`, `tag`, `meta_title`, `meta_description`, `meta_keyword`, `meta_h1`) VALUES(12023, 1, 'Кольцо Кресты р-р 17-20 ажурное под серебро h-5-12 мм', 'Кольцо Кресты р-р 17-20 ажурное под серебро h-5-12 мм - Фурнитура и бижутерия оптом, украшения из натуральных камней, бусы, кольца, браслеты, серьги, броши, Xuping, интернет магазин бижутерии ', '', '', '', '', '');
INSERT INTO `oc_product_to_category` (`product_id`, `category_id`, `main_category`) VALUES(12023, 206, 1);INSERT INTO `oc_product_to_store` (`product_id`, `store_id`) VALUES(12023, 0);
