INSERT INTO `oc_product` (`product_id`, `model`, `sku`, `upc`, `ean`, `jan`, `isbn`, `mpn`, `location`, `quantity`, `stock_status_id`, `image`, `manufacturer_id`, `shipping`, `price`, `points`, `tax_class_id`, `date_available`, `weight`, `weight_class_id`, `length`, `width`, `height`, `length_class_id`, `subtract`, `minimum`, `sort_order`, `status`, `viewed`, `date_added`, `date_modified`, `noindex`) VALUES
(20520, '38572', '', '', '', '', '', '', '', 100, 7, 'catalog/ukrasheniya_simvol_goda_2nd/38572.jpg', 0, 1, '72', 0, 0, '0000-00-00', '0.00000000', 1, '0.00000000', '0.00000000', '0.00000000', 1, 1, 1, 1, 1, 1, '0000-00-00 00:00:00', '0000-00-00 00:00:00', 1);
INSERT INTO `oc_product_description` (`product_id`, `language_id`, `name`, `description`, `tag`, `meta_title`, `meta_description`, `meta_keyword`, `meta_h1`) VALUES(20520, 1, 'Брошь Бычок с эмалью, серебристый металл 25х40мм', 'Брошь Бычок с эмалью, серебристый металл 25х40мм - Фурнитура и бижутерия оптом, украшения из натуральных камней, бусы, кольца, браслеты, серьги, броши, Xuping, интернет магазин бижутерии ', '', '', '', '', '');
INSERT INTO `oc_product_to_category` (`product_id`, `category_id`, `main_category`) VALUES(20520, 482, 1);
INSERT INTO `oc_product_to_store` (`product_id`, `store_id`) VALUES(20520, 0);
INSERT INTO `oc_product` (`product_id`, `model`, `sku`, `upc`, `ean`, `jan`, `isbn`, `mpn`, `location`, `quantity`, `stock_status_id`, `image`, `manufacturer_id`, `shipping`, `price`, `points`, `tax_class_id`, `date_available`, `weight`, `weight_class_id`, `length`, `width`, `height`, `length_class_id`, `subtract`, `minimum`, `sort_order`, `status`, `viewed`, `date_added`, `date_modified`, `noindex`) VALUES
(20521, '38571', '', '', '', '', '', '', '', 100, 7, 'catalog/ukrasheniya_simvol_goda_2nd/38571.jpg', 0, 1, '72', 0, 0, '0000-00-00', '0.00000000', 1, '0.00000000', '0.00000000', '0.00000000', 1, 1, 1, 1, 1, 1, '0000-00-00 00:00:00', '0000-00-00 00:00:00', 1);
INSERT INTO `oc_product_description` (`product_id`, `language_id`, `name`, `description`, `tag`, `meta_title`, `meta_description`, `meta_keyword`, `meta_h1`) VALUES(20521, 1, 'Брошь Бычок с эмалью, золотистый металл 25х40мм', 'Брошь Бычок с эмалью, золотистый металл 25х40мм - Фурнитура и бижутерия оптом, украшения из натуральных камней, бусы, кольца, браслеты, серьги, броши, Xuping, интернет магазин бижутерии ', '', '', '', '', '');
INSERT INTO `oc_product_to_category` (`product_id`, `category_id`, `main_category`) VALUES(20521, 482, 1);
INSERT INTO `oc_product_to_store` (`product_id`, `store_id`) VALUES(20521, 0);
INSERT INTO `oc_product` (`product_id`, `model`, `sku`, `upc`, `ean`, `jan`, `isbn`, `mpn`, `location`, `quantity`, `stock_status_id`, `image`, `manufacturer_id`, `shipping`, `price`, `points`, `tax_class_id`, `date_available`, `weight`, `weight_class_id`, `length`, `width`, `height`, `length_class_id`, `subtract`, `minimum`, `sort_order`, `status`, `viewed`, `date_added`, `date_modified`, `noindex`) VALUES
(20522, '38574', '', '', '', '', '', '', '', 100, 7, 'catalog/ukrasheniya_simvol_goda_2nd/38574.jpg', 0, 1, '72', 0, 0, '0000-00-00', '0.00000000', 1, '0.00000000', '0.00000000', '0.00000000', 1, 1, 1, 1, 1, 1, '0000-00-00 00:00:00', '0000-00-00 00:00:00', 1);
INSERT INTO `oc_product_description` (`product_id`, `language_id`, `name`, `description`, `tag`, `meta_title`, `meta_description`, `meta_keyword`, `meta_h1`) VALUES(20522, 1, 'Брошь Бычок с желтыми стразами, золотистый металл 25х52мм', 'Брошь Бычок с желтыми стразами, золотистый металл 25х52мм - Фурнитура и бижутерия оптом, украшения из натуральных камней, бусы, кольца, браслеты, серьги, броши, Xuping, интернет магазин бижутерии ', '', '', '', '', '');
INSERT INTO `oc_product_to_category` (`product_id`, `category_id`, `main_category`) VALUES(20522, 482, 1);
INSERT INTO `oc_product_to_store` (`product_id`, `store_id`) VALUES(20522, 0);
INSERT INTO `oc_product` (`product_id`, `model`, `sku`, `upc`, `ean`, `jan`, `isbn`, `mpn`, `location`, `quantity`, `stock_status_id`, `image`, `manufacturer_id`, `shipping`, `price`, `points`, `tax_class_id`, `date_available`, `weight`, `weight_class_id`, `length`, `width`, `height`, `length_class_id`, `subtract`, `minimum`, `sort_order`, `status`, `viewed`, `date_added`, `date_modified`, `noindex`) VALUES
(20523, '38570', '', '', '', '', '', '', '', 100, 7, 'catalog/ukrasheniya_simvol_goda_2nd/38570.jpg', 0, 1, '72', 0, 0, '0000-00-00', '0.00000000', 1, '0.00000000', '0.00000000', '0.00000000', 1, 1, 1, 1, 1, 1, '0000-00-00 00:00:00', '0000-00-00 00:00:00', 1);
INSERT INTO `oc_product_description` (`product_id`, `language_id`, `name`, `description`, `tag`, `meta_title`, `meta_description`, `meta_keyword`, `meta_h1`) VALUES(20523, 1, 'Брошь Голова Быка с эмалью, серебристый металл 25х28мм', 'Брошь Голова Быка с эмалью, серебристый металл 25х28мм - Фурнитура и бижутерия оптом, украшения из натуральных камней, бусы, кольца, браслеты, серьги, броши, Xuping, интернет магазин бижутерии ', '', '', '', '', '');
INSERT INTO `oc_product_to_category` (`product_id`, `category_id`, `main_category`) VALUES(20523, 482, 1);
INSERT INTO `oc_product_to_store` (`product_id`, `store_id`) VALUES(20523, 0);
INSERT INTO `oc_product` (`product_id`, `model`, `sku`, `upc`, `ean`, `jan`, `isbn`, `mpn`, `location`, `quantity`, `stock_status_id`, `image`, `manufacturer_id`, `shipping`, `price`, `points`, `tax_class_id`, `date_available`, `weight`, `weight_class_id`, `length`, `width`, `height`, `length_class_id`, `subtract`, `minimum`, `sort_order`, `status`, `viewed`, `date_added`, `date_modified`, `noindex`) VALUES
(20524, '38569', '', '', '', '', '', '', '', 100, 7, 'catalog/ukrasheniya_simvol_goda_2nd/38569.jpg', 0, 1, '70', 0, 0, '0000-00-00', '0.00000000', 1, '0.00000000', '0.00000000', '0.00000000', 1, 1, 1, 1, 1, 1, '0000-00-00 00:00:00', '0000-00-00 00:00:00', 1);
INSERT INTO `oc_product_description` (`product_id`, `language_id`, `name`, `description`, `tag`, `meta_title`, `meta_description`, `meta_keyword`, `meta_h1`) VALUES(20524, 1, 'Брошь Голова Быка серебристый металл 34х35мм', 'Брошь Голова Быка серебристый металл 34х35мм - Фурнитура и бижутерия оптом, украшения из натуральных камней, бусы, кольца, браслеты, серьги, броши, Xuping, интернет магазин бижутерии ', '', '', '', '', '');
INSERT INTO `oc_product_to_category` (`product_id`, `category_id`, `main_category`) VALUES(20524, 482, 1);
INSERT INTO `oc_product_to_store` (`product_id`, `store_id`) VALUES(20524, 0);
INSERT INTO `oc_product` (`product_id`, `model`, `sku`, `upc`, `ean`, `jan`, `isbn`, `mpn`, `location`, `quantity`, `stock_status_id`, `image`, `manufacturer_id`, `shipping`, `price`, `points`, `tax_class_id`, `date_available`, `weight`, `weight_class_id`, `length`, `width`, `height`, `length_class_id`, `subtract`, `minimum`, `sort_order`, `status`, `viewed`, `date_added`, `date_modified`, `noindex`) VALUES
(20525, '38568', '', '', '', '', '', '', '', 100, 7, 'catalog/ukrasheniya_simvol_goda_2nd/38568.jpg', 0, 1, '70', 0, 0, '0000-00-00', '0.00000000', 1, '0.00000000', '0.00000000', '0.00000000', 1, 1, 1, 1, 1, 1, '0000-00-00 00:00:00', '0000-00-00 00:00:00', 1);
INSERT INTO `oc_product_description` (`product_id`, `language_id`, `name`, `description`, `tag`, `meta_title`, `meta_description`, `meta_keyword`, `meta_h1`) VALUES(20525, 1, 'Брошь Голова Быка золотистый металл 34х35мм', 'Брошь Голова Быка золотистый металл 34х35мм - Фурнитура и бижутерия оптом, украшения из натуральных камней, бусы, кольца, браслеты, серьги, броши, Xuping, интернет магазин бижутерии ', '', '', '', '', '');
INSERT INTO `oc_product_to_category` (`product_id`, `category_id`, `main_category`) VALUES(20525, 482, 1);
INSERT INTO `oc_product_to_store` (`product_id`, `store_id`) VALUES(20525, 0);
INSERT INTO `oc_product` (`product_id`, `model`, `sku`, `upc`, `ean`, `jan`, `isbn`, `mpn`, `location`, `quantity`, `stock_status_id`, `image`, `manufacturer_id`, `shipping`, `price`, `points`, `tax_class_id`, `date_available`, `weight`, `weight_class_id`, `length`, `width`, `height`, `length_class_id`, `subtract`, `minimum`, `sort_order`, `status`, `viewed`, `date_added`, `date_modified`, `noindex`) VALUES
(20526, '38566', '', '', '', '', '', '', '', 100, 7, 'catalog/ukrasheniya_simvol_goda_2nd/38566.jpg', 0, 1, '76', 0, 0, '0000-00-00', '0.00000000', 1, '0.00000000', '0.00000000', '0.00000000', 1, 1, 1, 1, 1, 1, '0000-00-00 00:00:00', '0000-00-00 00:00:00', 1);
INSERT INTO `oc_product_description` (`product_id`, `language_id`, `name`, `description`, `tag`, `meta_title`, `meta_description`, `meta_keyword`, `meta_h1`) VALUES(20526, 1, 'Брошь Бычок с белыми стразами и кабашоном кошачий глаз, золотистый металл 19х25мм', 'Брошь Бычок с белыми стразами и кабашоном кошачий глаз, золотистый металл 19х25мм - Фурнитура и бижутерия оптом, украшения из натуральных камней, бусы, кольца, браслеты, серьги, броши, Xuping, интернет магазин бижутерии ', '', '', '', '', '');
INSERT INTO `oc_product_to_category` (`product_id`, `category_id`, `main_category`) VALUES(20526, 482, 1);
INSERT INTO `oc_product_to_store` (`product_id`, `store_id`) VALUES(20526, 0);
INSERT INTO `oc_product` (`product_id`, `model`, `sku`, `upc`, `ean`, `jan`, `isbn`, `mpn`, `location`, `quantity`, `stock_status_id`, `image`, `manufacturer_id`, `shipping`, `price`, `points`, `tax_class_id`, `date_available`, `weight`, `weight_class_id`, `length`, `width`, `height`, `length_class_id`, `subtract`, `minimum`, `sort_order`, `status`, `viewed`, `date_added`, `date_modified`, `noindex`) VALUES
(20527, '38567', '', '', '', '', '', '', '', 100, 7, 'catalog/ukrasheniya_simvol_goda_2nd/38567.jpg', 0, 1, '76', 0, 0, '0000-00-00', '0.00000000', 1, '0.00000000', '0.00000000', '0.00000000', 1, 1, 1, 1, 1, 1, '0000-00-00 00:00:00', '0000-00-00 00:00:00', 1);
INSERT INTO `oc_product_description` (`product_id`, `language_id`, `name`, `description`, `tag`, `meta_title`, `meta_description`, `meta_keyword`, `meta_h1`) VALUES(20527, 1, 'Брошь Бычок с белыми стразами и кабашоном кошачий глаз, цвет металла лимонное золото 19х25мм', 'Брошь Бычок с белыми стразами и кабашоном кошачий глаз, цвет металла лимонное золото 19х25мм - Фурнитура и бижутерия оптом, украшения из натуральных камней, бусы, кольца, браслеты, серьги, броши, Xuping, интернет магазин бижутерии ', '', '', '', '', '');
INSERT INTO `oc_product_to_category` (`product_id`, `category_id`, `main_category`) VALUES(20527, 482, 1);
INSERT INTO `oc_product_to_store` (`product_id`, `store_id`) VALUES(20527, 0);
INSERT INTO `oc_product` (`product_id`, `model`, `sku`, `upc`, `ean`, `jan`, `isbn`, `mpn`, `location`, `quantity`, `stock_status_id`, `image`, `manufacturer_id`, `shipping`, `price`, `points`, `tax_class_id`, `date_available`, `weight`, `weight_class_id`, `length`, `width`, `height`, `length_class_id`, `subtract`, `minimum`, `sort_order`, `status`, `viewed`, `date_added`, `date_modified`, `noindex`) VALUES
(20528, '34822', '', '', '', '', '', '', '', 100, 7, 'catalog/ukrasheniya_simvol_goda_2nd/34822.jpg', 0, 1, '140', 0, 0, '0000-00-00', '0.00000000', 1, '0.00000000', '0.00000000', '0.00000000', 1, 1, 1, 1, 1, 1, '0000-00-00 00:00:00', '0000-00-00 00:00:00', 1);
INSERT INTO `oc_product_description` (`product_id`, `language_id`, `name`, `description`, `tag`, `meta_title`, `meta_description`, `meta_keyword`, `meta_h1`) VALUES(20528, 1, 'Кулон Бык с Халиотисом в оправе 61х56мм', 'Кулон Бык с Халиотисом в оправе 61х56мм - Фурнитура и бижутерия оптом, украшения из натуральных камней, бусы, кольца, браслеты, серьги, броши, Xuping, интернет магазин бижутерии ', '', '', '', '', '');
INSERT INTO `oc_product_to_category` (`product_id`, `category_id`, `main_category`) VALUES(20528, 482, 1);
INSERT INTO `oc_product_to_store` (`product_id`, `store_id`) VALUES(20528, 0);
INSERT INTO `oc_product` (`product_id`, `model`, `sku`, `upc`, `ean`, `jan`, `isbn`, `mpn`, `location`, `quantity`, `stock_status_id`, `image`, `manufacturer_id`, `shipping`, `price`, `points`, `tax_class_id`, `date_available`, `weight`, `weight_class_id`, `length`, `width`, `height`, `length_class_id`, `subtract`, `minimum`, `sort_order`, `status`, `viewed`, `date_added`, `date_modified`, `noindex`) VALUES
(20529, '38576', '', '', '', '', '', '', '', 100, 7, 'catalog/ukrasheniya_simvol_goda_2nd/38576.jpg', 0, 1, '76', 0, 0, '0000-00-00', '0.00000000', 1, '0.00000000', '0.00000000', '0.00000000', 1, 1, 1, 1, 1, 1, '0000-00-00 00:00:00', '0000-00-00 00:00:00', 1);
INSERT INTO `oc_product_description` (`product_id`, `language_id`, `name`, `description`, `tag`, `meta_title`, `meta_description`, `meta_keyword`, `meta_h1`) VALUES(20529, 1, 'Брошь Бычок с серыми стразами, серебристый металл 34х38мм', 'Брошь Бычок с серыми стразами, серебристый металл 34х38мм - Фурнитура и бижутерия оптом, украшения из натуральных камней, бусы, кольца, браслеты, серьги, броши, Xuping, интернет магазин бижутерии ', '', '', '', '', '');
INSERT INTO `oc_product_to_category` (`product_id`, `category_id`, `main_category`) VALUES(20529, 482, 1);
INSERT INTO `oc_product_to_store` (`product_id`, `store_id`) VALUES(20529, 0);
INSERT INTO `oc_product` (`product_id`, `model`, `sku`, `upc`, `ean`, `jan`, `isbn`, `mpn`, `location`, `quantity`, `stock_status_id`, `image`, `manufacturer_id`, `shipping`, `price`, `points`, `tax_class_id`, `date_available`, `weight`, `weight_class_id`, `length`, `width`, `height`, `length_class_id`, `subtract`, `minimum`, `sort_order`, `status`, `viewed`, `date_added`, `date_modified`, `noindex`) VALUES
(20530, '38575', '', '', '', '', '', '', '', 100, 7, 'catalog/ukrasheniya_simvol_goda_2nd/38575.jpg', 0, 1, '76', 0, 0, '0000-00-00', '0.00000000', 1, '0.00000000', '0.00000000', '0.00000000', 1, 1, 1, 1, 1, 1, '0000-00-00 00:00:00', '0000-00-00 00:00:00', 1);
INSERT INTO `oc_product_description` (`product_id`, `language_id`, `name`, `description`, `tag`, `meta_title`, `meta_description`, `meta_keyword`, `meta_h1`) VALUES(20530, 1, 'Брошь Бычок с желтыми стразами, золотистый металл 34х38мм', 'Брошь Бычок с желтыми стразами, золотистый металл 34х38мм - Фурнитура и бижутерия оптом, украшения из натуральных камней, бусы, кольца, браслеты, серьги, броши, Xuping, интернет магазин бижутерии ', '', '', '', '', '');
INSERT INTO `oc_product_to_category` (`product_id`, `category_id`, `main_category`) VALUES(20530, 482, 1);
INSERT INTO `oc_product_to_store` (`product_id`, `store_id`) VALUES(20530, 0);
INSERT INTO `oc_product` (`product_id`, `model`, `sku`, `upc`, `ean`, `jan`, `isbn`, `mpn`, `location`, `quantity`, `stock_status_id`, `image`, `manufacturer_id`, `shipping`, `price`, `points`, `tax_class_id`, `date_available`, `weight`, `weight_class_id`, `length`, `width`, `height`, `length_class_id`, `subtract`, `minimum`, `sort_order`, `status`, `viewed`, `date_added`, `date_modified`, `noindex`) VALUES
(20531, '31851', '', '', '', '', '', '', '', 100, 7, 'catalog/ukrasheniya_simvol_goda_2nd/31851.jpg', 0, 1, '70', 0, 0, '0000-00-00', '0.00000000', 1, '0.00000000', '0.00000000', '0.00000000', 1, 1, 1, 1, 1, 1, '0000-00-00 00:00:00', '0000-00-00 00:00:00', 1);
INSERT INTO `oc_product_description` (`product_id`, `language_id`, `name`, `description`, `tag`, `meta_title`, `meta_description`, `meta_keyword`, `meta_h1`) VALUES(20531, 1, 'Кулон в стиле панк гот Череп Быка 33х41мм на цепочке L-65см', 'Кулон в стиле панк гот Череп Быка 33х41мм на цепочке L-65см - Фурнитура и бижутерия оптом, украшения из натуральных камней, бусы, кольца, браслеты, серьги, броши, Xuping, интернет магазин бижутерии ', '', '', '', '', '');
INSERT INTO `oc_product_to_category` (`product_id`, `category_id`, `main_category`) VALUES(20531, 482, 1);
INSERT INTO `oc_product_to_store` (`product_id`, `store_id`) VALUES(20531, 0);