INSERT INTO `oc_product` (`product_id`, `model`, `sku`, `upc`, `ean`, `jan`, `isbn`, `mpn`, `location`, `quantity`, `stock_status_id`, `image`, `manufacturer_id`, `shipping`, `price`, `points`, `tax_class_id`, `date_available`, `weight`, `weight_class_id`, `length`, `width`, `height`, `length_class_id`, `subtract`, `minimum`, `sort_order`, `status`, `viewed`, `date_added`, `date_modified`, `noindex`) VALUES
(9664, '21942', '', '', '', '', '', '', '', 100, 7, 'catalog/klipsy_s_kristalami/21942.jpg', 0, 1, '150', 0, 0, '0000-00-00', '0.00000000', 1, '0.00000000', '0.00000000', '0.00000000', 1, 1, 1, 1, 1, 1, '0000-00-00 00:00:00', '0000-00-00 00:00:00', 1);
INSERT INTO `oc_product_description` (`product_id`, `language_id`, `name`, `description`, `tag`, `meta_title`, `meta_description`, `meta_keyword`, `meta_h1`) VALUES(9664, 1, 'Клипсы с белыми кристаллами и бусиной 10х13мм, золотистый металл', 'Клипсы с белыми кристаллами и бусиной 10х13мм, золотистый металл - Фурнитура и бижутерия оптом, украшения из натуральных камней, бусы, кольца, браслеты, серьги, броши, Xuping, интернет магазин бижутерии ', '', '', '', '', '');
INSERT INTO `oc_product_to_category` (`product_id`, `category_id`, `main_category`) VALUES(9664, 164, 1);INSERT INTO `oc_product_to_store` (`product_id`, `store_id`) VALUES(9664, 0);
INSERT INTO `oc_product` (`product_id`, `model`, `sku`, `upc`, `ean`, `jan`, `isbn`, `mpn`, `location`, `quantity`, `stock_status_id`, `image`, `manufacturer_id`, `shipping`, `price`, `points`, `tax_class_id`, `date_available`, `weight`, `weight_class_id`, `length`, `width`, `height`, `length_class_id`, `subtract`, `minimum`, `sort_order`, `status`, `viewed`, `date_added`, `date_modified`, `noindex`) VALUES
(9665, '37949', '', '', '', '', '', '', '', 100, 7, 'catalog/klipsy_s_kristalami/37949.jpg', 0, 1, '80', 0, 0, '0000-00-00', '0.00000000', 1, '0.00000000', '0.00000000', '0.00000000', 1, 1, 1, 1, 1, 1, '0000-00-00 00:00:00', '0000-00-00 00:00:00', 1);
INSERT INTO `oc_product_description` (`product_id`, `language_id`, `name`, `description`, `tag`, `meta_title`, `meta_description`, `meta_keyword`, `meta_h1`) VALUES(9665, 1, 'Клипсы с белыми кристаллами и бусиной, золотистый металл 12х14мм', 'Клипсы с белыми кристаллами и бусиной, золотистый металл 12х14мм - Фурнитура и бижутерия оптом, украшения из натуральных камней, бусы, кольца, браслеты, серьги, броши, Xuping, интернет магазин бижутерии ', '', '', '', '', '');
INSERT INTO `oc_product_to_category` (`product_id`, `category_id`, `main_category`) VALUES(9665, 164, 1);INSERT INTO `oc_product_to_store` (`product_id`, `store_id`) VALUES(9665, 0);
INSERT INTO `oc_product` (`product_id`, `model`, `sku`, `upc`, `ean`, `jan`, `isbn`, `mpn`, `location`, `quantity`, `stock_status_id`, `image`, `manufacturer_id`, `shipping`, `price`, `points`, `tax_class_id`, `date_available`, `weight`, `weight_class_id`, `length`, `width`, `height`, `length_class_id`, `subtract`, `minimum`, `sort_order`, `status`, `viewed`, `date_added`, `date_modified`, `noindex`) VALUES
(9666, '17028', '', '', '', '', '', '', '', 100, 7, 'catalog/klipsy_s_kristalami/17028.jpg', 0, 1, '50', 0, 0, '0000-00-00', '0.00000000', 1, '0.00000000', '0.00000000', '0.00000000', 1, 1, 1, 1, 1, 1, '0000-00-00 00:00:00', '0000-00-00 00:00:00', 1);
INSERT INTO `oc_product_description` (`product_id`, `language_id`, `name`, `description`, `tag`, `meta_title`, `meta_description`, `meta_keyword`, `meta_h1`) VALUES(9666, 1, 'Клипсы с красными кристаллами оправа жгутик d-20х18мм', 'Клипсы с красными кристаллами оправа жгутик d-20х18мм - Фурнитура и бижутерия оптом, украшения из натуральных камней, бусы, кольца, браслеты, серьги, броши, Xuping, интернет магазин бижутерии ', '', '', '', '', '');
INSERT INTO `oc_product_to_category` (`product_id`, `category_id`, `main_category`) VALUES(9666, 164, 1);INSERT INTO `oc_product_to_store` (`product_id`, `store_id`) VALUES(9666, 0);
INSERT INTO `oc_product` (`product_id`, `model`, `sku`, `upc`, `ean`, `jan`, `isbn`, `mpn`, `location`, `quantity`, `stock_status_id`, `image`, `manufacturer_id`, `shipping`, `price`, `points`, `tax_class_id`, `date_available`, `weight`, `weight_class_id`, `length`, `width`, `height`, `length_class_id`, `subtract`, `minimum`, `sort_order`, `status`, `viewed`, `date_added`, `date_modified`, `noindex`) VALUES
(9667, '17025', '', '', '', '', '', '', '', 100, 7, 'catalog/klipsy_s_kristalami/17025.jpg', 0, 1, '50', 0, 0, '0000-00-00', '0.00000000', 1, '0.00000000', '0.00000000', '0.00000000', 1, 1, 1, 1, 1, 1, '0000-00-00 00:00:00', '0000-00-00 00:00:00', 1);
INSERT INTO `oc_product_description` (`product_id`, `language_id`, `name`, `description`, `tag`, `meta_title`, `meta_description`, `meta_keyword`, `meta_h1`) VALUES(9667, 1, 'Клипсы с зелеными кристаллами оправа жгутик d-20х18мм', 'Клипсы с зелеными кристаллами оправа жгутик d-20х18мм - Фурнитура и бижутерия оптом, украшения из натуральных камней, бусы, кольца, браслеты, серьги, броши, Xuping, интернет магазин бижутерии ', '', '', '', '', '');
INSERT INTO `oc_product_to_category` (`product_id`, `category_id`, `main_category`) VALUES(9667, 164, 1);INSERT INTO `oc_product_to_store` (`product_id`, `store_id`) VALUES(9667, 0);
INSERT INTO `oc_product` (`product_id`, `model`, `sku`, `upc`, `ean`, `jan`, `isbn`, `mpn`, `location`, `quantity`, `stock_status_id`, `image`, `manufacturer_id`, `shipping`, `price`, `points`, `tax_class_id`, `date_available`, `weight`, `weight_class_id`, `length`, `width`, `height`, `length_class_id`, `subtract`, `minimum`, `sort_order`, `status`, `viewed`, `date_added`, `date_modified`, `noindex`) VALUES
(9668, '17030', '', '', '', '', '', '', '', 100, 7, 'catalog/klipsy_s_kristalami/17030.jpg', 0, 1, '50', 0, 0, '0000-00-00', '0.00000000', 1, '0.00000000', '0.00000000', '0.00000000', 1, 1, 1, 1, 1, 1, '0000-00-00 00:00:00', '0000-00-00 00:00:00', 1);
INSERT INTO `oc_product_description` (`product_id`, `language_id`, `name`, `description`, `tag`, `meta_title`, `meta_description`, `meta_keyword`, `meta_h1`) VALUES(9668, 1, 'Клипсы с серыми кристаллами оправа жгутик d-20х18мм', 'Клипсы с серыми кристаллами оправа жгутик d-20х18мм - Фурнитура и бижутерия оптом, украшения из натуральных камней, бусы, кольца, браслеты, серьги, броши, Xuping, интернет магазин бижутерии ', '', '', '', '', '');
INSERT INTO `oc_product_to_category` (`product_id`, `category_id`, `main_category`) VALUES(9668, 164, 1);INSERT INTO `oc_product_to_store` (`product_id`, `store_id`) VALUES(9668, 0);
INSERT INTO `oc_product` (`product_id`, `model`, `sku`, `upc`, `ean`, `jan`, `isbn`, `mpn`, `location`, `quantity`, `stock_status_id`, `image`, `manufacturer_id`, `shipping`, `price`, `points`, `tax_class_id`, `date_available`, `weight`, `weight_class_id`, `length`, `width`, `height`, `length_class_id`, `subtract`, `minimum`, `sort_order`, `status`, `viewed`, `date_added`, `date_modified`, `noindex`) VALUES
(9669, '17026', '', '', '', '', '', '', '', 100, 7, 'catalog/klipsy_s_kristalami/17026.jpg', 0, 1, '50', 0, 0, '0000-00-00', '0.00000000', 1, '0.00000000', '0.00000000', '0.00000000', 1, 1, 1, 1, 1, 1, '0000-00-00 00:00:00', '0000-00-00 00:00:00', 1);
INSERT INTO `oc_product_description` (`product_id`, `language_id`, `name`, `description`, `tag`, `meta_title`, `meta_description`, `meta_keyword`, `meta_h1`) VALUES(9669, 1, 'Клипсы с розовыми кристаллами оправа жгутик d-20х18мм', 'Клипсы с розовыми кристаллами оправа жгутик d-20х18мм - Фурнитура и бижутерия оптом, украшения из натуральных камней, бусы, кольца, браслеты, серьги, броши, Xuping, интернет магазин бижутерии ', '', '', '', '', '');
INSERT INTO `oc_product_to_category` (`product_id`, `category_id`, `main_category`) VALUES(9669, 164, 1);INSERT INTO `oc_product_to_store` (`product_id`, `store_id`) VALUES(9669, 0);
INSERT INTO `oc_product` (`product_id`, `model`, `sku`, `upc`, `ean`, `jan`, `isbn`, `mpn`, `location`, `quantity`, `stock_status_id`, `image`, `manufacturer_id`, `shipping`, `price`, `points`, `tax_class_id`, `date_available`, `weight`, `weight_class_id`, `length`, `width`, `height`, `length_class_id`, `subtract`, `minimum`, `sort_order`, `status`, `viewed`, `date_added`, `date_modified`, `noindex`) VALUES
(9670, '17035', '', '', '', '', '', '', '', 100, 7, 'catalog/klipsy_s_kristalami/17035.jpg', 0, 1, '50', 0, 0, '0000-00-00', '0.00000000', 1, '0.00000000', '0.00000000', '0.00000000', 1, 1, 1, 1, 1, 1, '0000-00-00 00:00:00', '0000-00-00 00:00:00', 1);
INSERT INTO `oc_product_description` (`product_id`, `language_id`, `name`, `description`, `tag`, `meta_title`, `meta_description`, `meta_keyword`, `meta_h1`) VALUES(9670, 1, 'Клипсы с розовыми кристаллами оправа S со стразами d-26х20мм', 'Клипсы с розовыми кристаллами оправа S со стразами d-26х20мм - Фурнитура и бижутерия оптом, украшения из натуральных камней, бусы, кольца, браслеты, серьги, броши, Xuping, интернет магазин бижутерии ', '', '', '', '', '');
INSERT INTO `oc_product_to_category` (`product_id`, `category_id`, `main_category`) VALUES(9670, 164, 1);INSERT INTO `oc_product_to_store` (`product_id`, `store_id`) VALUES(9670, 0);
INSERT INTO `oc_product` (`product_id`, `model`, `sku`, `upc`, `ean`, `jan`, `isbn`, `mpn`, `location`, `quantity`, `stock_status_id`, `image`, `manufacturer_id`, `shipping`, `price`, `points`, `tax_class_id`, `date_available`, `weight`, `weight_class_id`, `length`, `width`, `height`, `length_class_id`, `subtract`, `minimum`, `sort_order`, `status`, `viewed`, `date_added`, `date_modified`, `noindex`) VALUES
(9671, '17031', '', '', '', '', '', '', '', 100, 7, 'catalog/klipsy_s_kristalami/17031.jpg', 0, 1, '50', 0, 0, '0000-00-00', '0.00000000', 1, '0.00000000', '0.00000000', '0.00000000', 1, 1, 1, 1, 1, 1, '0000-00-00 00:00:00', '0000-00-00 00:00:00', 1);
INSERT INTO `oc_product_description` (`product_id`, `language_id`, `name`, `description`, `tag`, `meta_title`, `meta_description`, `meta_keyword`, `meta_h1`) VALUES(9671, 1, 'Клипсы с белыми кристаллами оправа S со стразами d-26х20мм', 'Клипсы с белыми кристаллами оправа S со стразами d-26х20мм - Фурнитура и бижутерия оптом, украшения из натуральных камней, бусы, кольца, браслеты, серьги, броши, Xuping, интернет магазин бижутерии ', '', '', '', '', '');
INSERT INTO `oc_product_to_category` (`product_id`, `category_id`, `main_category`) VALUES(9671, 164, 1);INSERT INTO `oc_product_to_store` (`product_id`, `store_id`) VALUES(9671, 0);
INSERT INTO `oc_product` (`product_id`, `model`, `sku`, `upc`, `ean`, `jan`, `isbn`, `mpn`, `location`, `quantity`, `stock_status_id`, `image`, `manufacturer_id`, `shipping`, `price`, `points`, `tax_class_id`, `date_available`, `weight`, `weight_class_id`, `length`, `width`, `height`, `length_class_id`, `subtract`, `minimum`, `sort_order`, `status`, `viewed`, `date_added`, `date_modified`, `noindex`) VALUES
(9672, '17034', '', '', '', '', '', '', '', 100, 7, 'catalog/klipsy_s_kristalami/17034.jpg', 0, 1, '50', 0, 0, '0000-00-00', '0.00000000', 1, '0.00000000', '0.00000000', '0.00000000', 1, 1, 1, 1, 1, 1, '0000-00-00 00:00:00', '0000-00-00 00:00:00', 1);
INSERT INTO `oc_product_description` (`product_id`, `language_id`, `name`, `description`, `tag`, `meta_title`, `meta_description`, `meta_keyword`, `meta_h1`) VALUES(9672, 1, 'Клипсы с зелеными кристаллами оправа S со стразами d-26х20мм', 'Клипсы с зелеными кристаллами оправа S со стразами d-26х20мм - Фурнитура и бижутерия оптом, украшения из натуральных камней, бусы, кольца, браслеты, серьги, броши, Xuping, интернет магазин бижутерии ', '', '', '', '', '');
INSERT INTO `oc_product_to_category` (`product_id`, `category_id`, `main_category`) VALUES(9672, 164, 1);INSERT INTO `oc_product_to_store` (`product_id`, `store_id`) VALUES(9672, 0);
INSERT INTO `oc_product` (`product_id`, `model`, `sku`, `upc`, `ean`, `jan`, `isbn`, `mpn`, `location`, `quantity`, `stock_status_id`, `image`, `manufacturer_id`, `shipping`, `price`, `points`, `tax_class_id`, `date_available`, `weight`, `weight_class_id`, `length`, `width`, `height`, `length_class_id`, `subtract`, `minimum`, `sort_order`, `status`, `viewed`, `date_added`, `date_modified`, `noindex`) VALUES
(9673, '17033', '', '', '', '', '', '', '', 100, 7, 'catalog/klipsy_s_kristalami/17033.jpg', 0, 1, '50', 0, 0, '0000-00-00', '0.00000000', 1, '0.00000000', '0.00000000', '0.00000000', 1, 1, 1, 1, 1, 1, '0000-00-00 00:00:00', '0000-00-00 00:00:00', 1);
INSERT INTO `oc_product_description` (`product_id`, `language_id`, `name`, `description`, `tag`, `meta_title`, `meta_description`, `meta_keyword`, `meta_h1`) VALUES(9673, 1, 'Клипсы с серыми кристаллами оправа S со стразами d-26х20мм', 'Клипсы с серыми кристаллами оправа S со стразами d-26х20мм - Фурнитура и бижутерия оптом, украшения из натуральных камней, бусы, кольца, браслеты, серьги, броши, Xuping, интернет магазин бижутерии ', '', '', '', '', '');
INSERT INTO `oc_product_to_category` (`product_id`, `category_id`, `main_category`) VALUES(9673, 164, 1);INSERT INTO `oc_product_to_store` (`product_id`, `store_id`) VALUES(9673, 0);
INSERT INTO `oc_product` (`product_id`, `model`, `sku`, `upc`, `ean`, `jan`, `isbn`, `mpn`, `location`, `quantity`, `stock_status_id`, `image`, `manufacturer_id`, `shipping`, `price`, `points`, `tax_class_id`, `date_available`, `weight`, `weight_class_id`, `length`, `width`, `height`, `length_class_id`, `subtract`, `minimum`, `sort_order`, `status`, `viewed`, `date_added`, `date_modified`, `noindex`) VALUES
(9674, '17032', '', '', '', '', '', '', '', 100, 7, 'catalog/klipsy_s_kristalami/17032.jpg', 0, 1, '50', 0, 0, '0000-00-00', '0.00000000', 1, '0.00000000', '0.00000000', '0.00000000', 1, 1, 1, 1, 1, 1, '0000-00-00 00:00:00', '0000-00-00 00:00:00', 1);
INSERT INTO `oc_product_description` (`product_id`, `language_id`, `name`, `description`, `tag`, `meta_title`, `meta_description`, `meta_keyword`, `meta_h1`) VALUES(9674, 1, 'Клипсы с красными кристаллами оправа S со стразами d-26х20мм', 'Клипсы с красными кристаллами оправа S со стразами d-26х20мм - Фурнитура и бижутерия оптом, украшения из натуральных камней, бусы, кольца, браслеты, серьги, броши, Xuping, интернет магазин бижутерии ', '', '', '', '', '');
INSERT INTO `oc_product_to_category` (`product_id`, `category_id`, `main_category`) VALUES(9674, 164, 1);INSERT INTO `oc_product_to_store` (`product_id`, `store_id`) VALUES(9674, 0);
INSERT INTO `oc_product` (`product_id`, `model`, `sku`, `upc`, `ean`, `jan`, `isbn`, `mpn`, `location`, `quantity`, `stock_status_id`, `image`, `manufacturer_id`, `shipping`, `price`, `points`, `tax_class_id`, `date_available`, `weight`, `weight_class_id`, `length`, `width`, `height`, `length_class_id`, `subtract`, `minimum`, `sort_order`, `status`, `viewed`, `date_added`, `date_modified`, `noindex`) VALUES
(9675, '14421', '', '', '', '', '', '', '', 100, 7, 'catalog/klipsy_s_kristalami/14421.jpg', 0, 1, '50', 0, 0, '0000-00-00', '0.00000000', 1, '0.00000000', '0.00000000', '0.00000000', 1, 1, 1, 1, 1, 1, '0000-00-00 00:00:00', '0000-00-00 00:00:00', 1);
INSERT INTO `oc_product_description` (`product_id`, `language_id`, `name`, `description`, `tag`, `meta_title`, `meta_description`, `meta_keyword`, `meta_h1`) VALUES(9675, 1, 'Клипсы с кристаллами классические под старину d-1,7см', 'Клипсы с кристаллами классические под старину d-1,7см - Фурнитура и бижутерия оптом, украшения из натуральных камней, бусы, кольца, браслеты, серьги, броши, Xuping, интернет магазин бижутерии ', '', '', '', '', '');
INSERT INTO `oc_product_to_category` (`product_id`, `category_id`, `main_category`) VALUES(9675, 164, 1);INSERT INTO `oc_product_to_store` (`product_id`, `store_id`) VALUES(9675, 0);
INSERT INTO `oc_product` (`product_id`, `model`, `sku`, `upc`, `ean`, `jan`, `isbn`, `mpn`, `location`, `quantity`, `stock_status_id`, `image`, `manufacturer_id`, `shipping`, `price`, `points`, `tax_class_id`, `date_available`, `weight`, `weight_class_id`, `length`, `width`, `height`, `length_class_id`, `subtract`, `minimum`, `sort_order`, `status`, `viewed`, `date_added`, `date_modified`, `noindex`) VALUES
(9676, '14418', '', '', '', '', '', '', '', 100, 7, 'catalog/klipsy_s_kristalami/14418.jpg', 0, 1, '50', 0, 0, '0000-00-00', '0.00000000', 1, '0.00000000', '0.00000000', '0.00000000', 1, 1, 1, 1, 1, 1, '0000-00-00 00:00:00', '0000-00-00 00:00:00', 1);
INSERT INTO `oc_product_description` (`product_id`, `language_id`, `name`, `description`, `tag`, `meta_title`, `meta_description`, `meta_keyword`, `meta_h1`) VALUES(9676, 1, 'Клипсы с кристаллами классические под старину d-1,7см', 'Клипсы с кристаллами классические под старину d-1,7см - Фурнитура и бижутерия оптом, украшения из натуральных камней, бусы, кольца, браслеты, серьги, броши, Xuping, интернет магазин бижутерии ', '', '', '', '', '');
INSERT INTO `oc_product_to_category` (`product_id`, `category_id`, `main_category`) VALUES(9676, 164, 1);INSERT INTO `oc_product_to_store` (`product_id`, `store_id`) VALUES(9676, 0);
INSERT INTO `oc_product` (`product_id`, `model`, `sku`, `upc`, `ean`, `jan`, `isbn`, `mpn`, `location`, `quantity`, `stock_status_id`, `image`, `manufacturer_id`, `shipping`, `price`, `points`, `tax_class_id`, `date_available`, `weight`, `weight_class_id`, `length`, `width`, `height`, `length_class_id`, `subtract`, `minimum`, `sort_order`, `status`, `viewed`, `date_added`, `date_modified`, `noindex`) VALUES
(9677, '7954', '', '', '', '', '', '', '', 100, 7, 'catalog/klipsy_s_kristalami/7954.jpg', 0, 1, '50', 0, 0, '0000-00-00', '0.00000000', 1, '0.00000000', '0.00000000', '0.00000000', 1, 1, 1, 1, 1, 1, '0000-00-00 00:00:00', '0000-00-00 00:00:00', 1);
INSERT INTO `oc_product_description` (`product_id`, `language_id`, `name`, `description`, `tag`, `meta_title`, `meta_description`, `meta_keyword`, `meta_h1`) VALUES(9677, 1, 'Клипсы Чешское стекло 2*1,5см', 'Клипсы Чешское стекло 2*1,5см - Фурнитура и бижутерия оптом, украшения из натуральных камней, бусы, кольца, браслеты, серьги, броши, Xuping, интернет магазин бижутерии ', '', '', '', '', '');
INSERT INTO `oc_product_to_category` (`product_id`, `category_id`, `main_category`) VALUES(9677, 164, 1);INSERT INTO `oc_product_to_store` (`product_id`, `store_id`) VALUES(9677, 0);
INSERT INTO `oc_product` (`product_id`, `model`, `sku`, `upc`, `ean`, `jan`, `isbn`, `mpn`, `location`, `quantity`, `stock_status_id`, `image`, `manufacturer_id`, `shipping`, `price`, `points`, `tax_class_id`, `date_available`, `weight`, `weight_class_id`, `length`, `width`, `height`, `length_class_id`, `subtract`, `minimum`, `sort_order`, `status`, `viewed`, `date_added`, `date_modified`, `noindex`) VALUES
(9678, '14414', '', '', '', '', '', '', '', 100, 7, 'catalog/klipsy_s_kristalami/14414.jpg', 0, 1, '50', 0, 0, '0000-00-00', '0.00000000', 1, '0.00000000', '0.00000000', '0.00000000', 1, 1, 1, 1, 1, 1, '0000-00-00 00:00:00', '0000-00-00 00:00:00', 1);
INSERT INTO `oc_product_description` (`product_id`, `language_id`, `name`, `description`, `tag`, `meta_title`, `meta_description`, `meta_keyword`, `meta_h1`) VALUES(9678, 1, 'Клипсы с розовыми кристаллами классические под старину L-2см', 'Клипсы с розовыми кристаллами классические под старину L-2см - Фурнитура и бижутерия оптом, украшения из натуральных камней, бусы, кольца, браслеты, серьги, броши, Xuping, интернет магазин бижутерии ', '', '', '', '', '');
INSERT INTO `oc_product_to_category` (`product_id`, `category_id`, `main_category`) VALUES(9678, 164, 1);INSERT INTO `oc_product_to_store` (`product_id`, `store_id`) VALUES(9678, 0);
INSERT INTO `oc_product` (`product_id`, `model`, `sku`, `upc`, `ean`, `jan`, `isbn`, `mpn`, `location`, `quantity`, `stock_status_id`, `image`, `manufacturer_id`, `shipping`, `price`, `points`, `tax_class_id`, `date_available`, `weight`, `weight_class_id`, `length`, `width`, `height`, `length_class_id`, `subtract`, `minimum`, `sort_order`, `status`, `viewed`, `date_added`, `date_modified`, `noindex`) VALUES
(9679, '14411', '', '', '', '', '', '', '', 100, 7, 'catalog/klipsy_s_kristalami/14411.jpg', 0, 1, '50', 0, 0, '0000-00-00', '0.00000000', 1, '0.00000000', '0.00000000', '0.00000000', 1, 1, 1, 1, 1, 1, '0000-00-00 00:00:00', '0000-00-00 00:00:00', 1);
INSERT INTO `oc_product_description` (`product_id`, `language_id`, `name`, `description`, `tag`, `meta_title`, `meta_description`, `meta_keyword`, `meta_h1`) VALUES(9679, 1, 'Клипсы с зелеными кристаллами классические под старину L-2см', 'Клипсы с зелеными кристаллами классические под старину L-2см - Фурнитура и бижутерия оптом, украшения из натуральных камней, бусы, кольца, браслеты, серьги, броши, Xuping, интернет магазин бижутерии ', '', '', '', '', '');
INSERT INTO `oc_product_to_category` (`product_id`, `category_id`, `main_category`) VALUES(9679, 164, 1);INSERT INTO `oc_product_to_store` (`product_id`, `store_id`) VALUES(9679, 0);
INSERT INTO `oc_product` (`product_id`, `model`, `sku`, `upc`, `ean`, `jan`, `isbn`, `mpn`, `location`, `quantity`, `stock_status_id`, `image`, `manufacturer_id`, `shipping`, `price`, `points`, `tax_class_id`, `date_available`, `weight`, `weight_class_id`, `length`, `width`, `height`, `length_class_id`, `subtract`, `minimum`, `sort_order`, `status`, `viewed`, `date_added`, `date_modified`, `noindex`) VALUES
(9680, '14410', '', '', '', '', '', '', '', 100, 7, 'catalog/klipsy_s_kristalami/14410.jpg', 0, 1, '50', 0, 0, '0000-00-00', '0.00000000', 1, '0.00000000', '0.00000000', '0.00000000', 1, 1, 1, 1, 1, 1, '0000-00-00 00:00:00', '0000-00-00 00:00:00', 1);
INSERT INTO `oc_product_description` (`product_id`, `language_id`, `name`, `description`, `tag`, `meta_title`, `meta_description`, `meta_keyword`, `meta_h1`) VALUES(9680, 1, 'Клипсы с белыми кристаллами классические под старину L-2см', 'Клипсы с белыми кристаллами классические под старину L-2см - Фурнитура и бижутерия оптом, украшения из натуральных камней, бусы, кольца, браслеты, серьги, броши, Xuping, интернет магазин бижутерии ', '', '', '', '', '');
INSERT INTO `oc_product_to_category` (`product_id`, `category_id`, `main_category`) VALUES(9680, 164, 1);INSERT INTO `oc_product_to_store` (`product_id`, `store_id`) VALUES(9680, 0);
INSERT INTO `oc_product` (`product_id`, `model`, `sku`, `upc`, `ean`, `jan`, `isbn`, `mpn`, `location`, `quantity`, `stock_status_id`, `image`, `manufacturer_id`, `shipping`, `price`, `points`, `tax_class_id`, `date_available`, `weight`, `weight_class_id`, `length`, `width`, `height`, `length_class_id`, `subtract`, `minimum`, `sort_order`, `status`, `viewed`, `date_added`, `date_modified`, `noindex`) VALUES
(9681, '14403', '', '', '', '', '', '', '', 100, 7, 'catalog/klipsy_s_kristalami/14403.jpg', 0, 1, '50', 0, 0, '0000-00-00', '0.00000000', 1, '0.00000000', '0.00000000', '0.00000000', 1, 1, 1, 1, 1, 1, '0000-00-00 00:00:00', '0000-00-00 00:00:00', 1);
INSERT INTO `oc_product_description` (`product_id`, `language_id`, `name`, `description`, `tag`, `meta_title`, `meta_description`, `meta_keyword`, `meta_h1`) VALUES(9681, 1, 'Клипсы с зелеными кристаллами классические под старину L-2см', 'Клипсы с зелеными кристаллами классические под старину L-2см - Фурнитура и бижутерия оптом, украшения из натуральных камней, бусы, кольца, браслеты, серьги, броши, Xuping, интернет магазин бижутерии ', '', '', '', '', '');
INSERT INTO `oc_product_to_category` (`product_id`, `category_id`, `main_category`) VALUES(9681, 164, 1);INSERT INTO `oc_product_to_store` (`product_id`, `store_id`) VALUES(9681, 0);
INSERT INTO `oc_product` (`product_id`, `model`, `sku`, `upc`, `ean`, `jan`, `isbn`, `mpn`, `location`, `quantity`, `stock_status_id`, `image`, `manufacturer_id`, `shipping`, `price`, `points`, `tax_class_id`, `date_available`, `weight`, `weight_class_id`, `length`, `width`, `height`, `length_class_id`, `subtract`, `minimum`, `sort_order`, `status`, `viewed`, `date_added`, `date_modified`, `noindex`) VALUES
(9682, '14399', '', '', '', '', '', '', '', 100, 7, 'catalog/klipsy_s_kristalami/14399.jpg', 0, 1, '50', 0, 0, '0000-00-00', '0.00000000', 1, '0.00000000', '0.00000000', '0.00000000', 1, 1, 1, 1, 1, 1, '0000-00-00 00:00:00', '0000-00-00 00:00:00', 1);
INSERT INTO `oc_product_description` (`product_id`, `language_id`, `name`, `description`, `tag`, `meta_title`, `meta_description`, `meta_keyword`, `meta_h1`) VALUES(9682, 1, 'Клипсы с белыми кристаллами классические под старину L-2см', 'Клипсы с белыми кристаллами классические под старину L-2см - Фурнитура и бижутерия оптом, украшения из натуральных камней, бусы, кольца, браслеты, серьги, броши, Xuping, интернет магазин бижутерии ', '', '', '', '', '');
INSERT INTO `oc_product_to_category` (`product_id`, `category_id`, `main_category`) VALUES(9682, 164, 1);INSERT INTO `oc_product_to_store` (`product_id`, `store_id`) VALUES(9682, 0);
INSERT INTO `oc_product` (`product_id`, `model`, `sku`, `upc`, `ean`, `jan`, `isbn`, `mpn`, `location`, `quantity`, `stock_status_id`, `image`, `manufacturer_id`, `shipping`, `price`, `points`, `tax_class_id`, `date_available`, `weight`, `weight_class_id`, `length`, `width`, `height`, `length_class_id`, `subtract`, `minimum`, `sort_order`, `status`, `viewed`, `date_added`, `date_modified`, `noindex`) VALUES
(9683, '7968', '', '', '', '', '', '', '', 100, 7, 'catalog/klipsy_s_kristalami/7968.jpg', 0, 1, '50', 0, 0, '0000-00-00', '0.00000000', 1, '0.00000000', '0.00000000', '0.00000000', 1, 1, 1, 1, 1, 1, '0000-00-00 00:00:00', '0000-00-00 00:00:00', 1);
INSERT INTO `oc_product_description` (`product_id`, `language_id`, `name`, `description`, `tag`, `meta_title`, `meta_description`, `meta_keyword`, `meta_h1`) VALUES(9683, 1, 'Клипсы Чешское стекло 1,5*2см', 'Клипсы Чешское стекло 1,5*2см - Фурнитура и бижутерия оптом, украшения из натуральных камней, бусы, кольца, браслеты, серьги, броши, Xuping, интернет магазин бижутерии ', '', '', '', '', '');
INSERT INTO `oc_product_to_category` (`product_id`, `category_id`, `main_category`) VALUES(9683, 164, 1);INSERT INTO `oc_product_to_store` (`product_id`, `store_id`) VALUES(9683, 0);
INSERT INTO `oc_product` (`product_id`, `model`, `sku`, `upc`, `ean`, `jan`, `isbn`, `mpn`, `location`, `quantity`, `stock_status_id`, `image`, `manufacturer_id`, `shipping`, `price`, `points`, `tax_class_id`, `date_available`, `weight`, `weight_class_id`, `length`, `width`, `height`, `length_class_id`, `subtract`, `minimum`, `sort_order`, `status`, `viewed`, `date_added`, `date_modified`, `noindex`) VALUES
(9684, '7962', '', '', '', '', '', '', '', 100, 7, 'catalog/klipsy_s_kristalami/7962.jpg', 0, 1, '50', 0, 0, '0000-00-00', '0.00000000', 1, '0.00000000', '0.00000000', '0.00000000', 1, 1, 1, 1, 1, 1, '0000-00-00 00:00:00', '0000-00-00 00:00:00', 1);
INSERT INTO `oc_product_description` (`product_id`, `language_id`, `name`, `description`, `tag`, `meta_title`, `meta_description`, `meta_keyword`, `meta_h1`) VALUES(9684, 1, 'Клипсы Чешское стекло 2,3*1,8см', 'Клипсы Чешское стекло 2,3*1,8см - Фурнитура и бижутерия оптом, украшения из натуральных камней, бусы, кольца, браслеты, серьги, броши, Xuping, интернет магазин бижутерии ', '', '', '', '', '');
INSERT INTO `oc_product_to_category` (`product_id`, `category_id`, `main_category`) VALUES(9684, 164, 1);INSERT INTO `oc_product_to_store` (`product_id`, `store_id`) VALUES(9684, 0);
INSERT INTO `oc_product` (`product_id`, `model`, `sku`, `upc`, `ean`, `jan`, `isbn`, `mpn`, `location`, `quantity`, `stock_status_id`, `image`, `manufacturer_id`, `shipping`, `price`, `points`, `tax_class_id`, `date_available`, `weight`, `weight_class_id`, `length`, `width`, `height`, `length_class_id`, `subtract`, `minimum`, `sort_order`, `status`, `viewed`, `date_added`, `date_modified`, `noindex`) VALUES
(9685, '7957', '', '', '', '', '', '', '', 100, 7, 'catalog/klipsy_s_kristalami/7957.jpg', 0, 1, '50', 0, 0, '0000-00-00', '0.00000000', 1, '0.00000000', '0.00000000', '0.00000000', 1, 1, 1, 1, 1, 1, '0000-00-00 00:00:00', '0000-00-00 00:00:00', 1);
INSERT INTO `oc_product_description` (`product_id`, `language_id`, `name`, `description`, `tag`, `meta_title`, `meta_description`, `meta_keyword`, `meta_h1`) VALUES(9685, 1, 'Клипсы Чешское стекло 2*1,5', 'Клипсы Чешское стекло 2*1,5 - Фурнитура и бижутерия оптом, украшения из натуральных камней, бусы, кольца, браслеты, серьги, броши, Xuping, интернет магазин бижутерии ', '', '', '', '', '');
INSERT INTO `oc_product_to_category` (`product_id`, `category_id`, `main_category`) VALUES(9685, 164, 1);INSERT INTO `oc_product_to_store` (`product_id`, `store_id`) VALUES(9685, 0);
INSERT INTO `oc_product` (`product_id`, `model`, `sku`, `upc`, `ean`, `jan`, `isbn`, `mpn`, `location`, `quantity`, `stock_status_id`, `image`, `manufacturer_id`, `shipping`, `price`, `points`, `tax_class_id`, `date_available`, `weight`, `weight_class_id`, `length`, `width`, `height`, `length_class_id`, `subtract`, `minimum`, `sort_order`, `status`, `viewed`, `date_added`, `date_modified`, `noindex`) VALUES
(9686, '7956', '', '', '', '', '', '', '', 100, 7, 'catalog/klipsy_s_kristalami/7956.jpg', 0, 1, '50', 0, 0, '0000-00-00', '0.00000000', 1, '0.00000000', '0.00000000', '0.00000000', 1, 1, 1, 1, 1, 1, '0000-00-00 00:00:00', '0000-00-00 00:00:00', 1);
INSERT INTO `oc_product_description` (`product_id`, `language_id`, `name`, `description`, `tag`, `meta_title`, `meta_description`, `meta_keyword`, `meta_h1`) VALUES(9686, 1, 'Клипсы Чешское стекло 1,5см', 'Клипсы Чешское стекло 1,5см - Фурнитура и бижутерия оптом, украшения из натуральных камней, бусы, кольца, браслеты, серьги, броши, Xuping, интернет магазин бижутерии ', '', '', '', '', '');
INSERT INTO `oc_product_to_category` (`product_id`, `category_id`, `main_category`) VALUES(9686, 164, 1);INSERT INTO `oc_product_to_store` (`product_id`, `store_id`) VALUES(9686, 0);
INSERT INTO `oc_product` (`product_id`, `model`, `sku`, `upc`, `ean`, `jan`, `isbn`, `mpn`, `location`, `quantity`, `stock_status_id`, `image`, `manufacturer_id`, `shipping`, `price`, `points`, `tax_class_id`, `date_available`, `weight`, `weight_class_id`, `length`, `width`, `height`, `length_class_id`, `subtract`, `minimum`, `sort_order`, `status`, `viewed`, `date_added`, `date_modified`, `noindex`) VALUES
(9687, '21649', '', '', '', '', '', '', '', 100, 7, 'catalog/klipsy_s_kristalami/21649.jpg', 0, 1, '100', 0, 0, '0000-00-00', '0.00000000', 1, '0.00000000', '0.00000000', '0.00000000', 1, 1, 1, 1, 1, 1, '0000-00-00 00:00:00', '0000-00-00 00:00:00', 1);
INSERT INTO `oc_product_description` (`product_id`, `language_id`, `name`, `description`, `tag`, `meta_title`, `meta_description`, `meta_keyword`, `meta_h1`) VALUES(9687, 1, 'Клиплы бантик с белыми кристаллами, золотистый металл 12х15мм', 'Клиплы бантик с белыми кристаллами, золотистый металл 12х15мм - Фурнитура и бижутерия оптом, украшения из натуральных камней, бусы, кольца, браслеты, серьги, броши, Xuping, интернет магазин бижутерии ', '', '', '', '', '');
INSERT INTO `oc_product_to_category` (`product_id`, `category_id`, `main_category`) VALUES(9687, 164, 1);INSERT INTO `oc_product_to_store` (`product_id`, `store_id`) VALUES(9687, 0);
INSERT INTO `oc_product` (`product_id`, `model`, `sku`, `upc`, `ean`, `jan`, `isbn`, `mpn`, `location`, `quantity`, `stock_status_id`, `image`, `manufacturer_id`, `shipping`, `price`, `points`, `tax_class_id`, `date_available`, `weight`, `weight_class_id`, `length`, `width`, `height`, `length_class_id`, `subtract`, `minimum`, `sort_order`, `status`, `viewed`, `date_added`, `date_modified`, `noindex`) VALUES
(9688, '7959', '', '', '', '', '', '', '', 100, 7, 'catalog/klipsy_s_kristalami/7959.jpg', 0, 1, '50', 0, 0, '0000-00-00', '0.00000000', 1, '0.00000000', '0.00000000', '0.00000000', 1, 1, 1, 1, 1, 1, '0000-00-00 00:00:00', '0000-00-00 00:00:00', 1);
INSERT INTO `oc_product_description` (`product_id`, `language_id`, `name`, `description`, `tag`, `meta_title`, `meta_description`, `meta_keyword`, `meta_h1`) VALUES(9688, 1, 'Клипсы Чешское стекло 1,5см', 'Клипсы Чешское стекло 1,5см - Фурнитура и бижутерия оптом, украшения из натуральных камней, бусы, кольца, браслеты, серьги, броши, Xuping, интернет магазин бижутерии ', '', '', '', '', '');
INSERT INTO `oc_product_to_category` (`product_id`, `category_id`, `main_category`) VALUES(9688, 164, 1);INSERT INTO `oc_product_to_store` (`product_id`, `store_id`) VALUES(9688, 0);
INSERT INTO `oc_product` (`product_id`, `model`, `sku`, `upc`, `ean`, `jan`, `isbn`, `mpn`, `location`, `quantity`, `stock_status_id`, `image`, `manufacturer_id`, `shipping`, `price`, `points`, `tax_class_id`, `date_available`, `weight`, `weight_class_id`, `length`, `width`, `height`, `length_class_id`, `subtract`, `minimum`, `sort_order`, `status`, `viewed`, `date_added`, `date_modified`, `noindex`) VALUES
(9689, '14415', '', '', '', '', '', '', '', 100, 7, 'catalog/klipsy_s_kristalami/14415.jpg', 0, 1, '50', 0, 0, '0000-00-00', '0.00000000', 1, '0.00000000', '0.00000000', '0.00000000', 1, 1, 1, 1, 1, 1, '0000-00-00 00:00:00', '0000-00-00 00:00:00', 1);
INSERT INTO `oc_product_description` (`product_id`, `language_id`, `name`, `description`, `tag`, `meta_title`, `meta_description`, `meta_keyword`, `meta_h1`) VALUES(9689, 1, 'Клипсы с красным кристаллами классические под старину L-2см', 'Клипсы с красным кристаллами классические под старину L-2см - Фурнитура и бижутерия оптом, украшения из натуральных камней, бусы, кольца, браслеты, серьги, броши, Xuping, интернет магазин бижутерии ', '', '', '', '', '');
INSERT INTO `oc_product_to_category` (`product_id`, `category_id`, `main_category`) VALUES(9689, 164, 1);INSERT INTO `oc_product_to_store` (`product_id`, `store_id`) VALUES(9689, 0);
INSERT INTO `oc_product` (`product_id`, `model`, `sku`, `upc`, `ean`, `jan`, `isbn`, `mpn`, `location`, `quantity`, `stock_status_id`, `image`, `manufacturer_id`, `shipping`, `price`, `points`, `tax_class_id`, `date_available`, `weight`, `weight_class_id`, `length`, `width`, `height`, `length_class_id`, `subtract`, `minimum`, `sort_order`, `status`, `viewed`, `date_added`, `date_modified`, `noindex`) VALUES
(9690, '14419', '', '', '', '', '', '', '', 100, 7, 'catalog/klipsy_s_kristalami/14419.jpg', 0, 1, '50', 0, 0, '0000-00-00', '0.00000000', 1, '0.00000000', '0.00000000', '0.00000000', 1, 1, 1, 1, 1, 1, '0000-00-00 00:00:00', '0000-00-00 00:00:00', 1);
INSERT INTO `oc_product_description` (`product_id`, `language_id`, `name`, `description`, `tag`, `meta_title`, `meta_description`, `meta_keyword`, `meta_h1`) VALUES(9690, 1, 'Клипсы с кристаллами классические под старину d-1,7см', 'Клипсы с кристаллами классические под старину d-1,7см - Фурнитура и бижутерия оптом, украшения из натуральных камней, бусы, кольца, браслеты, серьги, броши, Xuping, интернет магазин бижутерии ', '', '', '', '', '');
INSERT INTO `oc_product_to_category` (`product_id`, `category_id`, `main_category`) VALUES(9690, 164, 1);INSERT INTO `oc_product_to_store` (`product_id`, `store_id`) VALUES(9690, 0);
INSERT INTO `oc_product` (`product_id`, `model`, `sku`, `upc`, `ean`, `jan`, `isbn`, `mpn`, `location`, `quantity`, `stock_status_id`, `image`, `manufacturer_id`, `shipping`, `price`, `points`, `tax_class_id`, `date_available`, `weight`, `weight_class_id`, `length`, `width`, `height`, `length_class_id`, `subtract`, `minimum`, `sort_order`, `status`, `viewed`, `date_added`, `date_modified`, `noindex`) VALUES
(9691, '14417', '', '', '', '', '', '', '', 100, 7, 'catalog/klipsy_s_kristalami/14417.jpg', 0, 1, '50', 0, 0, '0000-00-00', '0.00000000', 1, '0.00000000', '0.00000000', '0.00000000', 1, 1, 1, 1, 1, 1, '0000-00-00 00:00:00', '0000-00-00 00:00:00', 1);
INSERT INTO `oc_product_description` (`product_id`, `language_id`, `name`, `description`, `tag`, `meta_title`, `meta_description`, `meta_keyword`, `meta_h1`) VALUES(9691, 1, 'Клипсы с кристаллами классические под старину d-1,7см', 'Клипсы с кристаллами классические под старину d-1,7см - Фурнитура и бижутерия оптом, украшения из натуральных камней, бусы, кольца, браслеты, серьги, броши, Xuping, интернет магазин бижутерии ', '', '', '', '', '');
INSERT INTO `oc_product_to_category` (`product_id`, `category_id`, `main_category`) VALUES(9691, 164, 1);INSERT INTO `oc_product_to_store` (`product_id`, `store_id`) VALUES(9691, 0);
INSERT INTO `oc_product` (`product_id`, `model`, `sku`, `upc`, `ean`, `jan`, `isbn`, `mpn`, `location`, `quantity`, `stock_status_id`, `image`, `manufacturer_id`, `shipping`, `price`, `points`, `tax_class_id`, `date_available`, `weight`, `weight_class_id`, `length`, `width`, `height`, `length_class_id`, `subtract`, `minimum`, `sort_order`, `status`, `viewed`, `date_added`, `date_modified`, `noindex`) VALUES
(9692, '14413', '', '', '', '', '', '', '', 100, 7, 'catalog/klipsy_s_kristalami/14413.jpg', 0, 1, '50', 0, 0, '0000-00-00', '0.00000000', 1, '0.00000000', '0.00000000', '0.00000000', 1, 1, 1, 1, 1, 1, '0000-00-00 00:00:00', '0000-00-00 00:00:00', 1);
INSERT INTO `oc_product_description` (`product_id`, `language_id`, `name`, `description`, `tag`, `meta_title`, `meta_description`, `meta_keyword`, `meta_h1`) VALUES(9692, 1, 'Клипсы с серыми кристаллами классические под старину L-2см', 'Клипсы с серыми кристаллами классические под старину L-2см - Фурнитура и бижутерия оптом, украшения из натуральных камней, бусы, кольца, браслеты, серьги, броши, Xuping, интернет магазин бижутерии ', '', '', '', '', '');
INSERT INTO `oc_product_to_category` (`product_id`, `category_id`, `main_category`) VALUES(9692, 164, 1);INSERT INTO `oc_product_to_store` (`product_id`, `store_id`) VALUES(9692, 0);
INSERT INTO `oc_product` (`product_id`, `model`, `sku`, `upc`, `ean`, `jan`, `isbn`, `mpn`, `location`, `quantity`, `stock_status_id`, `image`, `manufacturer_id`, `shipping`, `price`, `points`, `tax_class_id`, `date_available`, `weight`, `weight_class_id`, `length`, `width`, `height`, `length_class_id`, `subtract`, `minimum`, `sort_order`, `status`, `viewed`, `date_added`, `date_modified`, `noindex`) VALUES
(9693, '14409', '', '', '', '', '', '', '', 100, 7, 'catalog/klipsy_s_kristalami/14409.jpg', 0, 1, '50', 0, 0, '0000-00-00', '0.00000000', 1, '0.00000000', '0.00000000', '0.00000000', 1, 1, 1, 1, 1, 1, '0000-00-00 00:00:00', '0000-00-00 00:00:00', 1);
INSERT INTO `oc_product_description` (`product_id`, `language_id`, `name`, `description`, `tag`, `meta_title`, `meta_description`, `meta_keyword`, `meta_h1`) VALUES(9693, 1, 'Клипсы с серыми кристаллами классические под старину L-2см', 'Клипсы с серыми кристаллами классические под старину L-2см - Фурнитура и бижутерия оптом, украшения из натуральных камней, бусы, кольца, браслеты, серьги, броши, Xuping, интернет магазин бижутерии ', '', '', '', '', '');
INSERT INTO `oc_product_to_category` (`product_id`, `category_id`, `main_category`) VALUES(9693, 164, 1);INSERT INTO `oc_product_to_store` (`product_id`, `store_id`) VALUES(9693, 0);
INSERT INTO `oc_product` (`product_id`, `model`, `sku`, `upc`, `ean`, `jan`, `isbn`, `mpn`, `location`, `quantity`, `stock_status_id`, `image`, `manufacturer_id`, `shipping`, `price`, `points`, `tax_class_id`, `date_available`, `weight`, `weight_class_id`, `length`, `width`, `height`, `length_class_id`, `subtract`, `minimum`, `sort_order`, `status`, `viewed`, `date_added`, `date_modified`, `noindex`) VALUES
(9694, '14400', '', '', '', '', '', '', '', 100, 7, 'catalog/klipsy_s_kristalami/14400.jpg', 0, 1, '50', 0, 0, '0000-00-00', '0.00000000', 1, '0.00000000', '0.00000000', '0.00000000', 1, 1, 1, 1, 1, 1, '0000-00-00 00:00:00', '0000-00-00 00:00:00', 1);
INSERT INTO `oc_product_description` (`product_id`, `language_id`, `name`, `description`, `tag`, `meta_title`, `meta_description`, `meta_keyword`, `meta_h1`) VALUES(9694, 1, 'Клипсы с красными кристаллами классические под старину L-2см', 'Клипсы с красными кристаллами классические под старину L-2см - Фурнитура и бижутерия оптом, украшения из натуральных камней, бусы, кольца, браслеты, серьги, броши, Xuping, интернет магазин бижутерии ', '', '', '', '', '');
INSERT INTO `oc_product_to_category` (`product_id`, `category_id`, `main_category`) VALUES(9694, 164, 1);INSERT INTO `oc_product_to_store` (`product_id`, `store_id`) VALUES(9694, 0);
INSERT INTO `oc_product` (`product_id`, `model`, `sku`, `upc`, `ean`, `jan`, `isbn`, `mpn`, `location`, `quantity`, `stock_status_id`, `image`, `manufacturer_id`, `shipping`, `price`, `points`, `tax_class_id`, `date_available`, `weight`, `weight_class_id`, `length`, `width`, `height`, `length_class_id`, `subtract`, `minimum`, `sort_order`, `status`, `viewed`, `date_added`, `date_modified`, `noindex`) VALUES
(9695, '14398', '', '', '', '', '', '', '', 100, 7, 'catalog/klipsy_s_kristalami/14398.jpg', 0, 1, '50', 0, 0, '0000-00-00', '0.00000000', 1, '0.00000000', '0.00000000', '0.00000000', 1, 1, 1, 1, 1, 1, '0000-00-00 00:00:00', '0000-00-00 00:00:00', 1);
INSERT INTO `oc_product_description` (`product_id`, `language_id`, `name`, `description`, `tag`, `meta_title`, `meta_description`, `meta_keyword`, `meta_h1`) VALUES(9695, 1, 'Клипсы с розовыми кристаллами классические под старину L-2см', 'Клипсы с розовыми кристаллами классические под старину L-2см - Фурнитура и бижутерия оптом, украшения из натуральных камней, бусы, кольца, браслеты, серьги, броши, Xuping, интернет магазин бижутерии ', '', '', '', '', '');
INSERT INTO `oc_product_to_category` (`product_id`, `category_id`, `main_category`) VALUES(9695, 164, 1);INSERT INTO `oc_product_to_store` (`product_id`, `store_id`) VALUES(9695, 0);
INSERT INTO `oc_product` (`product_id`, `model`, `sku`, `upc`, `ean`, `jan`, `isbn`, `mpn`, `location`, `quantity`, `stock_status_id`, `image`, `manufacturer_id`, `shipping`, `price`, `points`, `tax_class_id`, `date_available`, `weight`, `weight_class_id`, `length`, `width`, `height`, `length_class_id`, `subtract`, `minimum`, `sort_order`, `status`, `viewed`, `date_added`, `date_modified`, `noindex`) VALUES
(9696, '7967', '', '', '', '', '', '', '', 100, 7, 'catalog/klipsy_s_kristalami/7967.jpg', 0, 1, '50', 0, 0, '0000-00-00', '0.00000000', 1, '0.00000000', '0.00000000', '0.00000000', 1, 1, 1, 1, 1, 1, '0000-00-00 00:00:00', '0000-00-00 00:00:00', 1);
INSERT INTO `oc_product_description` (`product_id`, `language_id`, `name`, `description`, `tag`, `meta_title`, `meta_description`, `meta_keyword`, `meta_h1`) VALUES(9696, 1, 'Клипсы Чешское стекло 1,2см', 'Клипсы Чешское стекло 1,2см - Фурнитура и бижутерия оптом, украшения из натуральных камней, бусы, кольца, браслеты, серьги, броши, Xuping, интернет магазин бижутерии ', '', '', '', '', '');
INSERT INTO `oc_product_to_category` (`product_id`, `category_id`, `main_category`) VALUES(9696, 164, 1);INSERT INTO `oc_product_to_store` (`product_id`, `store_id`) VALUES(9696, 0);
INSERT INTO `oc_product` (`product_id`, `model`, `sku`, `upc`, `ean`, `jan`, `isbn`, `mpn`, `location`, `quantity`, `stock_status_id`, `image`, `manufacturer_id`, `shipping`, `price`, `points`, `tax_class_id`, `date_available`, `weight`, `weight_class_id`, `length`, `width`, `height`, `length_class_id`, `subtract`, `minimum`, `sort_order`, `status`, `viewed`, `date_added`, `date_modified`, `noindex`) VALUES
(9697, '7955', '', '', '', '', '', '', '', 100, 7, 'catalog/klipsy_s_kristalami/7955.jpg', 0, 1, '50', 0, 0, '0000-00-00', '0.00000000', 1, '0.00000000', '0.00000000', '0.00000000', 1, 1, 1, 1, 1, 1, '0000-00-00 00:00:00', '0000-00-00 00:00:00', 1);
INSERT INTO `oc_product_description` (`product_id`, `language_id`, `name`, `description`, `tag`, `meta_title`, `meta_description`, `meta_keyword`, `meta_h1`) VALUES(9697, 1, 'Клипсы Чешское стекло 1,5см', 'Клипсы Чешское стекло 1,5см - Фурнитура и бижутерия оптом, украшения из натуральных камней, бусы, кольца, браслеты, серьги, броши, Xuping, интернет магазин бижутерии ', '', '', '', '', '');
INSERT INTO `oc_product_to_category` (`product_id`, `category_id`, `main_category`) VALUES(9697, 164, 1);INSERT INTO `oc_product_to_store` (`product_id`, `store_id`) VALUES(9697, 0);
INSERT INTO `oc_product` (`product_id`, `model`, `sku`, `upc`, `ean`, `jan`, `isbn`, `mpn`, `location`, `quantity`, `stock_status_id`, `image`, `manufacturer_id`, `shipping`, `price`, `points`, `tax_class_id`, `date_available`, `weight`, `weight_class_id`, `length`, `width`, `height`, `length_class_id`, `subtract`, `minimum`, `sort_order`, `status`, `viewed`, `date_added`, `date_modified`, `noindex`) VALUES
(9698, '14408', '', '', '', '', '', '', '', 100, 7, 'catalog/klipsy_s_kristalami/14408.jpg', 0, 1, '50', 0, 0, '0000-00-00', '0.00000000', 1, '0.00000000', '0.00000000', '0.00000000', 1, 1, 1, 1, 1, 1, '0000-00-00 00:00:00', '0000-00-00 00:00:00', 1);
INSERT INTO `oc_product_description` (`product_id`, `language_id`, `name`, `description`, `tag`, `meta_title`, `meta_description`, `meta_keyword`, `meta_h1`) VALUES(9698, 1, 'Клипсы с зелеными кристаллами классические под старину L-2см', 'Клипсы с зелеными кристаллами классические под старину L-2см - Фурнитура и бижутерия оптом, украшения из натуральных камней, бусы, кольца, браслеты, серьги, броши, Xuping, интернет магазин бижутерии ', '', '', '', '', '');
INSERT INTO `oc_product_to_category` (`product_id`, `category_id`, `main_category`) VALUES(9698, 164, 1);INSERT INTO `oc_product_to_store` (`product_id`, `store_id`) VALUES(9698, 0);
INSERT INTO `oc_product` (`product_id`, `model`, `sku`, `upc`, `ean`, `jan`, `isbn`, `mpn`, `location`, `quantity`, `stock_status_id`, `image`, `manufacturer_id`, `shipping`, `price`, `points`, `tax_class_id`, `date_available`, `weight`, `weight_class_id`, `length`, `width`, `height`, `length_class_id`, `subtract`, `minimum`, `sort_order`, `status`, `viewed`, `date_added`, `date_modified`, `noindex`) VALUES
(9699, '14406', '', '', '', '', '', '', '', 100, 7, 'catalog/klipsy_s_kristalami/14406.jpg', 0, 1, '50', 0, 0, '0000-00-00', '0.00000000', 1, '0.00000000', '0.00000000', '0.00000000', 1, 1, 1, 1, 1, 1, '0000-00-00 00:00:00', '0000-00-00 00:00:00', 1);
INSERT INTO `oc_product_description` (`product_id`, `language_id`, `name`, `description`, `tag`, `meta_title`, `meta_description`, `meta_keyword`, `meta_h1`) VALUES(9699, 1, 'Клипсы с розовыми кристаллами классические под старину L-2см', 'Клипсы с розовыми кристаллами классические под старину L-2см - Фурнитура и бижутерия оптом, украшения из натуральных камней, бусы, кольца, браслеты, серьги, броши, Xuping, интернет магазин бижутерии ', '', '', '', '', '');
INSERT INTO `oc_product_to_category` (`product_id`, `category_id`, `main_category`) VALUES(9699, 164, 1);INSERT INTO `oc_product_to_store` (`product_id`, `store_id`) VALUES(9699, 0);
INSERT INTO `oc_product` (`product_id`, `model`, `sku`, `upc`, `ean`, `jan`, `isbn`, `mpn`, `location`, `quantity`, `stock_status_id`, `image`, `manufacturer_id`, `shipping`, `price`, `points`, `tax_class_id`, `date_available`, `weight`, `weight_class_id`, `length`, `width`, `height`, `length_class_id`, `subtract`, `minimum`, `sort_order`, `status`, `viewed`, `date_added`, `date_modified`, `noindex`) VALUES
(9700, '14401', '', '', '', '', '', '', '', 100, 7, 'catalog/klipsy_s_kristalami/14401.jpg', 0, 1, '50', 0, 0, '0000-00-00', '0.00000000', 1, '0.00000000', '0.00000000', '0.00000000', 1, 1, 1, 1, 1, 1, '0000-00-00 00:00:00', '0000-00-00 00:00:00', 1);
INSERT INTO `oc_product_description` (`product_id`, `language_id`, `name`, `description`, `tag`, `meta_title`, `meta_description`, `meta_keyword`, `meta_h1`) VALUES(9700, 1, 'Клипсы с серыми кристаллами классические под старину L-2см', 'Клипсы с серыми кристаллами классические под старину L-2см - Фурнитура и бижутерия оптом, украшения из натуральных камней, бусы, кольца, браслеты, серьги, броши, Xuping, интернет магазин бижутерии ', '', '', '', '', '');
INSERT INTO `oc_product_to_category` (`product_id`, `category_id`, `main_category`) VALUES(9700, 164, 1);INSERT INTO `oc_product_to_store` (`product_id`, `store_id`) VALUES(9700, 0);
INSERT INTO `oc_product` (`product_id`, `model`, `sku`, `upc`, `ean`, `jan`, `isbn`, `mpn`, `location`, `quantity`, `stock_status_id`, `image`, `manufacturer_id`, `shipping`, `price`, `points`, `tax_class_id`, `date_available`, `weight`, `weight_class_id`, `length`, `width`, `height`, `length_class_id`, `subtract`, `minimum`, `sort_order`, `status`, `viewed`, `date_added`, `date_modified`, `noindex`) VALUES
(9701, '7965', '', '', '', '', '', '', '', 100, 7, 'catalog/klipsy_s_kristalami/7965.jpg', 0, 1, '50', 0, 0, '0000-00-00', '0.00000000', 1, '0.00000000', '0.00000000', '0.00000000', 1, 1, 1, 1, 1, 1, '0000-00-00 00:00:00', '0000-00-00 00:00:00', 1);
INSERT INTO `oc_product_description` (`product_id`, `language_id`, `name`, `description`, `tag`, `meta_title`, `meta_description`, `meta_keyword`, `meta_h1`) VALUES(9701, 1, 'Клипсы Чешское стекло 2,3*1,8см', 'Клипсы Чешское стекло 2,3*1,8см - Фурнитура и бижутерия оптом, украшения из натуральных камней, бусы, кольца, браслеты, серьги, броши, Xuping, интернет магазин бижутерии ', '', '', '', '', '');
INSERT INTO `oc_product_to_category` (`product_id`, `category_id`, `main_category`) VALUES(9701, 164, 1);INSERT INTO `oc_product_to_store` (`product_id`, `store_id`) VALUES(9701, 0);
INSERT INTO `oc_product` (`product_id`, `model`, `sku`, `upc`, `ean`, `jan`, `isbn`, `mpn`, `location`, `quantity`, `stock_status_id`, `image`, `manufacturer_id`, `shipping`, `price`, `points`, `tax_class_id`, `date_available`, `weight`, `weight_class_id`, `length`, `width`, `height`, `length_class_id`, `subtract`, `minimum`, `sort_order`, `status`, `viewed`, `date_added`, `date_modified`, `noindex`) VALUES
(9702, '7964', '', '', '', '', '', '', '', 100, 7, 'catalog/klipsy_s_kristalami/7964.jpg', 0, 1, '50', 0, 0, '0000-00-00', '0.00000000', 1, '0.00000000', '0.00000000', '0.00000000', 1, 1, 1, 1, 1, 1, '0000-00-00 00:00:00', '0000-00-00 00:00:00', 1);
INSERT INTO `oc_product_description` (`product_id`, `language_id`, `name`, `description`, `tag`, `meta_title`, `meta_description`, `meta_keyword`, `meta_h1`) VALUES(9702, 1, 'Клипсы Чешское стекло 2,3*1,8см', 'Клипсы Чешское стекло 2,3*1,8см - Фурнитура и бижутерия оптом, украшения из натуральных камней, бусы, кольца, браслеты, серьги, броши, Xuping, интернет магазин бижутерии ', '', '', '', '', '');
INSERT INTO `oc_product_to_category` (`product_id`, `category_id`, `main_category`) VALUES(9702, 164, 1);INSERT INTO `oc_product_to_store` (`product_id`, `store_id`) VALUES(9702, 0);
